id,unit,topic,claim,confidence,confidence_note,source,from
CL-101,F1.5,Writing,"Writing was invented independently three or four times: four if Egypt counts, three if Egypt borrowed the idea from Mesopotamia",contested,,"CL-001, sprint 2 sources",DD1
CL-102,F1.5,Writing,"Egyptian hieroglyphs appear on labels from tomb U-j at Abydos, radiocarbon-dated to about 3320 BCE, and took more than 400 years to reach their full form",documented,,Kahl 2001,DD1
CL-103,F1.5,Writing,"The earliest Chinese writing, oracle-bone inscriptions of King Wu Ding's reign, is radiocarbon-dated to 1254–1197 BCE",documented,,"Liu et al. 2020, Radiocarbon",DD1
CL-104,F1.5,Writing,"The Cascajal block from the Olmec heartland is the oldest writing in the Americas, dated by style to the early first millennium BCE",contested,,Rodríguez Martínez et al. 2006; critique by Bruhns and Kelker 2007,DD1
CL-105,F1.5,Writing,"Khipus recorded census and tribute counts, and may have encoded tributaries' names by colour",documented,for counts; interpretive for names,"Medrano and Urton 2018, Ethnohistory",DD1
CL-106,F1.5,Pottery,"Mobile foragers made pottery in Xianrendong Cave, China, 20,000–19,000 years ago, ten millennia before farming",documented,,Wu et al. 2012,DD1
CL-107,F1.5,Pottery,"Pottery was made at Ounjougou, Mali, before 9400 BCE, during a wet phase in the Sahara",documented,,Huysecom et al. 2009,DD1
CL-108,F1.5,Pottery,The Chinese and African inventions were separate,probable,": far apart in place and time, with nothing known to connect them",Our reading of the two sources above,DD1
CL-109,F1.5,Metals,"Copper was smelted at Belovode, Serbia, about 5000 BCE, far from the Near East",documented,,Radivojević et al. 2010,DD1
CL-110,F1.5,Metals,Metallurgy therefore had more than one origin,contested,,"Same source, which argues it; the Near-East-first reading stands against it",DD1
CL-111,F1.5,Metals,"Gold was cold-hammered into beads at Jiskairumoko, Peru, 2155–1936 BCE, the earliest worked gold in the Americas",documented,,Aldenderfer et al. 2008,DD1
CL-112,F1.5,Metals,"Iron was produced at Douroula, Burkina Faso, in the 8th century BCE",documented,,"UNESCO World Heritage listing, 2019",DD1
CL-113,F1.5,Metals,"Iron smelting south of the Sahara was invented there, not received from the north",contested,,Both sides set out in Alpern 2005; taught in F1.6,DD1
CL-114,F1.5,Cities,"Caral had monumental architecture, urban settlement and irrigation by 2627–1977 BCE",documented,,"Shady, Haas and Creamer 2001",DD1
CL-115,F1.5,Cities,Jenné-jeno was a city from the 3rd century BCE with no evidence of a central ruler,documented,for dates; interpretive for how it was governed,"McIntosh, Oxford Research Encyclopedia",DD1
CL-116,F1.5,Cities,The Upano Valley held road-linked garden cities from about 500 BCE to 300–600 CE,documented,,Rostain et al. 2024,DD1
CL-117,F1.5,Cotton and dye,"Cotton was domesticated four separate times, twice in Africa and Asia and twice in the Americas",documented,,"Wendel and Cronn, USDA summary; Renny-Byfield et al. 2016, Genome Biology and Evolution",DD1
CL-118,F1.5,Cotton and dye,"Indigo-dyed cotton from Huaca Prieta, Peru, about 6,200 years old, is the earliest known use of indigo anywhere",documented,", as ""earliest known""",Splitstoser et al. 2016,DD1
CL-119,F1.5,Printing,"The printed invocations placed in the One Million Pagodas, 764–770, are among the oldest securely dated printed texts",documented,,Cambridge Digital Library; Met 30.47a–c,DD1
CL-120,F1.5,Printing,Bi Sheng made clay movable type between 1041 and 1048,documented,", in one source: Shen Kuo's Dream Pool Essays",Summary with the passage,DD1
CL-121,F1.5,Printing,"Jikji, printed in 1377, is the oldest surviving book printed with movable metal type",documented,,"UNESCO Memory of the World, 2001 (summary)",DD1
CL-122,F1.6,,"Iron was produced at Douroula, Burkina Faso, in the 8th century BCE; the listed sites keep about fifteen standing natural-draught furnaces, and village blacksmiths still make tools and take part in rituals",documented,,"UNESCO World Heritage listing, 2019",DD1
CL-123,F1.6,,"The Nok culture of central Nigeria ran from about 1500 BCE to the turn of the era; large-scale terracotta production and, later, iron smelting belong to its middle phase, 900–400 BCE",documented,,"Goethe University Frankfurt project, DFG summary",DD1
CL-124,F1.6,,"Almost every Nok site the Frankfurt team found had been looted, most of them destroyed entirely",documented,,Breunig and Rupp 2016,DD1
CL-125,F1.6,,"Iron was made in the Meroë region for more than a thousand years, possibly from the 25th Dynasty",documented,,Humphris and Scheibner 2017,DD1
CL-126,F1.6,,Iron smelting south of the Sahara was invented there rather than received from the north,contested,: several archaeologists hold independent invention; Alpern argues the evidence does not yet prove it,"Alpern 2005, which quotes both sides",DD1
CL-127,F1.6,,"Haya smelters in Tanzania used preheated air and made carbon steel 1,500–2,000 years ago",contested,": claimed from reconstruction smelts with Haya elders, then disputed",Schmidt and Avery 1978; Rehder's critique and the authors' reply,DD1
CL-128,F1.6,,"Igbo-Ukwu's leaded bronzes (late first millennium CE) used metal from two directions: lead from ores in the Benue Rift, near the site, and lead matching Tunisian ores",documented,,"McIntosh 2022, ""Igbo-Ukwu at 50"", African Archaeological Review",DD1
CL-129,F1.6,,"Benin's brass casters, the Igun Eronmwon guild, worked under the Oba's exclusive patronage; oral history places the arrival of lost-wax casting in the 13th century",documented,as tradition; the date is oral history,"The Met, Bronze Casters of Igun Street, 2025",DD1
CL-130,F1.6,,The brass for Benin's castings came mainly from Rhineland manillas traded between the 15th and 18th centuries,documented,,Skowronek et al. 2023,DD1
CL-131,F1.6,,"British forces looted about 3,000 objects from Benin City in 1897",documented,", as an estimate","Smithsonian, 2022",DD1
CL-132,F1.6,,Returns so far: 29 by the Smithsonian (2022); Germany's joint declaration with Nigeria (July 2022); a decree vesting returned objects in the Oba (March 2023); an agreement giving the national museums commission custody (2025),documented,,"Smithsonian; Reuters, February 2025; German Lost Art Foundation, August 2025",DD1
CL-133,F1.6,,"Great Zimbabwe was built between about 1100 and 1450 by Shona ancestors and had more than 10,000 inhabitants in the 14th century",documented,,UNESCO World Heritage listing,DD1
CL-134,F1.6,,"Colonial writers credited Great Zimbabwe to outsiders; archaeologists refuted this in 1906 and 1929–31, yet in 1970 the Rhodesian government ordered that no official publication state it was an African creation",documented,,"Kaarsholm, citing Garlake; Randall-MacIver 1906",DD1
CL-135,F1.6,,"The Igun Street guild is shrinking (about 120 members), has opened membership beyond hereditary families, and now sells online",documented,", from reporting","The Guardian (Nigeria), December 2025; Al Jazeera, July 2026",DD1
CL-136,F1.13,,"The Chang'an–Tianshan corridor of the Silk Roads is a 5,000 km network of 33 sites; it took shape between the 2nd century BCE and the 1st century CE and was used until the 16th century for trade, beliefs, science and technology",documented,,,DD2
CL-137,F1.13,,Early Chinese blue-and-white depended on cobalt imported from the West,documented,,,DD2
CL-138,F1.13,,"That cobalt came most likely from Anarak on the Iranian plateau, not from Qamsar near Kashan as previously thought; its signature matches the blue of early Islamic glazed ceramics",probable,,Same study,DD2
CL-139,F1.13,,"An Arab-type ship sank off Belitung about 830 with some 60,000 Chinese ceramics; one bowl is dated 826",documented,,(to replace with the excavation report),DD2
CL-140,F1.13,,The Smithsonian's Sackler Gallery cancelled its exhibition of the Belitung cargo in 2011 after objections to its commercial salvage,documented,,,DD2
CL-141,F1.13,,"From the 13th to the 16th century Kilwa's merchants traded gold, silver, pearls, perfumes, Persian earthenware and Chinese porcelain; Kilwa minted its own coins; its Great Mosque's vaults held set-in Chinese porcelain",documented,,,DD2
CL-142,F1.13,,"The 1375 Catalan Atlas shows Mansa Musa of Mali holding a gold coin, ""the richest and most noble lord"" of the region because of its gold",documented,,,DD2
CL-143,F1.13,,"The Manila galleons (1565–1815) carried porcelain, silk and ivory from Manila to Acapulco for American silver; Mexican ceramics show the trade's impact most vividly",documented,,,DD2
CL-144,F1.13,,As much as a third of the silver mined in New Spain and Peru went to Asia,probable,an estimate,Same essay,DD2
CL-145,F1.13,,About 12.5 million people were embarked in the trans-Atlantic slave trade between 1501 and 1866,documented,", as an estimate",,DD2
CL-146,F1.13,,The first paper mill in Baghdad was set up in 794–95; the story that Chinese prisoners taken at Talas in 751 brought papermaking west is contested,documented,mill); contested (Talas,"Bloom,  (2001),",DD2
CL-147,F1.13,,"Lapita pottery appears in the Bismarck Archipelago about 3,470–3,250 years ago and reaches Fiji by about 3,130–3,010 years ago",documented,,(handed to F1.12),DD2
CL-148,F1.13,,"Gulf sailors navigated wooden lenj boats by sun, moon and stars and named each wind; the knowledge is passing from use",documented,,,DD2
CL-149,F1.12,,"People occupied Madjedbebe, northern Australia, by about 65,000 years ago, with ground ochre, grinding stones and ground-edge hatchet heads",contested,": the excavators' dating, questioned by others who hold to about 50,000 years",;,DD2
CL-150,F1.12,,"A ground-edge axe fragment from the Kimberley is 44,000–49,000 years old, the earliest known anywhere",documented,,,DD2
CL-151,F1.12,,"The Gunditjmara built and managed stone channels, weirs and dams to trap and farm eels at Budj Bim for at least 6,600 years; the system still works and its knowledge is held today",documented,,,DD2
CL-152,F1.12,,"Lapita pottery appears in the Bismarck Archipelago about 3,470–3,250 years ago and reaches Vanuatu and Fiji within a few centuries",documented,,,DD2
CL-153,F1.12,,"Marshallese ""stick charts"" model swells, currents and islands; they were training and planning tools, memorised and left ashore, and were read mainly by their makers",documented,,,DD2
CL-154,F1.12,,"In 1976 the canoe Hōkūleʻa sailed from Hawaiʻi to Tahiti navigated without instruments by Mau Piailug of Satawal; in 1980 Nainoa Thompson repeated it, the first Hawaiian navigator to do so in 600 years",documented,,,DD2
CL-155,F1.12,,"Australia has no law against the misuse of traditional symbols, songs and stories; Creative Australia's protocols (Terri Janke, 2002, revised 2007) require consultation, consent and attribution as a condition of funding",documented,,,DD2
CL-156,F1.10,,"The first paper mill in Islamic lands was set up in Baghdad in 794–95; paper then spread to Syria, Iran, Central Asia, Egypt and North Africa, and to Europe through Spain and Sicily",documented,,"Bloom, ,",DD2
CL-157,F1.10,,"Mamluk endowment deeds (13th–16th centuries) name the craftsmen appointed to maintain endowed buildings, set their duties and wages, and were enforced through the judge's court",documented,,;,DD2
CL-158,F1.10,,"Abraham Ben Yiju, a Jewish trader from Tunisia, ran a bronze workshop in India in the 1130s and 1140s; its accounts survive in the Cairo Geniza",documented,,"; Goitein and Friedman,  (2008)",DD2
CL-159,F1.10,,Kilwa's merchants traded across the Indian Ocean from the 13th to the 16th century; the Great Mosque's vaults were set with Chinese porcelain,documented,,(shared with F1.13),DD2
CL-160,F1.10,,"The cobalt in early Islamic glazed ceramics matches the cobalt later shipped to Jingdezhen, most likely from Anarak in Iran",probable,,(shared with F1.13),DD2
CL-161,F1.10,,"Arabic calligraphy was inscribed by UNESCO in 2021 at the request of sixteen states; it is taught through schools and apprenticeship, and practised from marble carving to spray-painted walls",documented,,,DD2
CL-162,F1.10,,Gulf lenj boat-building and navigation are on UNESCO's urgent safeguarding list (2011),documented,,,DD2
CL-163,F1.10,,Three enamelled glass pieces in Cleveland catalogued as Mamluk-style are European work of the late 1800s; one carries an inscription naming the sultan Muhammad ibn Qala'un,documented,,"Cleveland records 1981.10, 1944.235 and 1944.488, read live",DD2
CL-164,F1.7,,"Cultivated cotton is at least 7,800 years old in the Andes; indigo-dyed cotton from Huaca Prieta, about 6,200 years old, is the earliest known indigo anywhere",documented,,(shared with F1.5),DD2
CL-165,F1.7,,"Caral's monumental centre and irrigated fields date to 2627–1977 BCE, before pottery in the region",documented,,,DD2
CL-166,F1.7,,"Khipus recorded census and tribute; the six Santa Valley khipus match a 1670 revisit document tributary by tributary, and may have signed names by colour",documented,for counts; interpretive for names,"Medrano and Urton 2018,",DD2
CL-167,F1.7,,The Open Khipu Repository holds open data on surviving khipus; the system remains undeciphered,documented,,,DD2
CL-168,F1.7,,Road-linked garden cities stood in the Upano Valley from about 500 BCE to 300–600 CE,documented,,,DD2
CL-169,F1.7,,The Marajoara built mound settlements with a funerary ceramic tradition on Marajó Island at the Amazon's mouth,documented,,"Roosevelt,  (); dates to confirm from the monograph",DD2
CL-170,F1.7,,"Paracas textiles left Peru illegally after their discovery; Gothenburg's collection was shown in 2008 as ""A Stolen World"" and its ownership returned to Peru, the first four textiles in 2014",documented,,,DD2
CL-171,F1.7,,"Churro sheep, brought by the Spanish in 1598, became the base of Diné weaving; in 1863–64 the US Army destroyed flocks and forced more than 8,000 Diné on the Long Walk to Bosque Redondo; they returned in 1868",documented,,,DD2
CL-172,F1.7,,"Diné weavers used Germantown mill-spun yarns and bayeta (unravelled trade cloth) in the late 1800s, and trading posts steered weaving from wearing blankets to rugs",documented,,Cleveland records 1921.556 and 1937.903; NPS,DD2
CL-173,F1.8,,"The  (State Building Standards) was compiled by Li Jie, a state building superintendent, in 1100 and published in 1103; its 34 chapters set units, design standards, labour estimates and material data",documented,,,DD2
CL-174,F1.8,,Song Yingxing wrote in 1637 that a piece of clay passes through 72 pairs of hands before it becomes porcelain,documented,,"(1637), quoted in a",DD2
CL-175,F1.8,,"The Ming court's 1433 order of 443,500 pieces pushed production into the civil kilns under imperial supervision (""moulded by the imperial kiln, fired by the civil kilns"")",documented,", from a secondary summary citing UNESCO",Same survey; to replace with the UNESCO tentative-list text,DD2
CL-176,F1.8,,Early blue-and-white used cobalt imported from Iran,documented,,(shared with F1.13),DD2
CL-177,F1.8,,Oracle-bone inscriptions of Wu Ding's reign are radiocarbon-dated 1254–1197 BCE,documented,,Liu et al. 2020 (shared with F1.5),DD2
CL-178,F1.8,,"Printed dharani for the One Million Pagodas, 764–770, and Jikji, 1377, are landmarks of printing",documented,,Cambridge Digital Library; UNESCO (shared with F1.5),DD2
CL-179,F1.8,,"Around 2000, ten state ceramic factories in Jingdezhen closed; about 100,000 ceramic workers remained; since 2016 the Taoxichuan district selects 1,200 stallholders a month from over 4,000 applicants; more than 100,000 young people have moved to the city in a decade",documented,", from state media",; to be balanced with an independent account,DD2
CL-180,F1.8,,Mingei was named by Yanagi Sōetsu in the mid-1920s; the Japan Folk Crafts Museum opened in 1936; historians read the movement as entangled with Japan's imperial policy,documented,; the reading is one of several,;,DD2
CL-181,F1.9,,Gujarati block-printed and painted cottons found in Egyptian deposits are the earliest material traces of the medieval western Indian Ocean trade; they date from the Fatimid to the early Mamluk periods (10th to early 16th centuries) and similar cloths were traded as far as Indonesia,documented,,"; Barnes,  (1997)",DD2
CL-182,F1.9,,"Bengal's handloom textiles held a leading place in Asian and North African markets long before European companies, and were a staple of the companies' export trade until machine-made cloth arrived in the early 19th century",documented,,,DD2
CL-183,F1.9,,"In 1721 Parliament prohibited the use and wear of printed, painted, stained or dyed calicoes in clothing and furnishing, to protect wool and silk",documented,,,DD2
CL-184,F1.9,,Two Old World cottons were domesticated separately; India's  is one,documented,,Renny-Byfield et al. 2016 (shared with F1.5),DD2
CL-185,F1.9,,"Jamdani, a sheer patterned cotton woven on handlooms around Dhaka with a discontinuous-weft technique, was inscribed by UNESCO in 2013; it is taught mainly by parents to children in home workshops",documented,,,DD2
CL-186,F1.9,,The National Gallery of Australia bought a Chola Nataraja for US$5 million in 2008 from Subhash Kapoor; police in Tamil Nadu recorded the theft of a Nataraja from Sripuranthan in 2008; Australia returned the bronze to India in September 2014,documented,,,DD2
CL-187,F1.9,,Abraham Ben Yiju ran a bronze workshop in India in the 1130s and 1140s,documented,,Geniza (shared with F1.10),DD2
CL-188,F1.9,,Whether the Indus signs are writing is argued,contested,,"Rao 2009 against Farmer, Sproat and Witzel 2004 (shared with F1.5)",DD2
CL-189,F1.11,,"Roman red-gloss pottery () was mass-produced in several parts of the empire and exported to all of it; its stamps name the people involved in production, including slaves and freedmen, and the largest Arretine firms had dozens of potters",documented,,,DD2
CL-190,F1.11,,"The , compiled under Étienne Boileau in 13th-century Paris, records the statutes of the city's trades",documented,,(the count of trades to be taken from the edition),DD2
CL-191,F1.11,,"Chinese blue-and-white was imitated in Delft on tin-glazed earthenware, and Delft was imitated in England",documented,,"Cleveland records 1969.254 and 1986.31, read live; the chain to F1.14",DD2
CL-192,F1.11,,In 1721 Britain banned the wearing of printed calico to protect wool and silk,documented,,(shared with F1.9),DD2
CL-193,F1.11,,"Wedgwood's jasperware copy of the Portland Vase, c. 1790, reproduced an ancient Roman cameo glass in a new ceramic body",documented,,"Cleveland 1918.823, read live",DD2
CL-194,F1.11,,"The Great Exhibition of 1851 showed more than 100,000 objects to six million visitors in a purpose-built iron and glass building; Owen Jones, one of its superintendents of works, published  in 1856 with 100 plates in 19 categories",documented,,,DD2
CL-195,F1.11,,"French  was inscribed by UNESCO in 2010: about 45,000 people, training of about five years on the move between towns, and a masterwork judged by the  before one may teach",documented,,,DD2
CL-196,F1.11,,"Copper was smelted at Belovode, Serbia, about 5000 BCE",documented,,Radivojević et al. 2010 (shared with F1.5),DD2
CL-197,F1.9a,,"The earliest cuneiform tablets are administrative accounts, such as one recording the distribution of barley and emmer, about 3100–2900 BCE, probably from Uruk",documented,,"Met 1988.433.2, read live",DD2
CL-198,F1.9a,,Writing may have been invented three or four times; Mesopotamia's is the earliest securely dated,contested,the count,CL-001 (shared with F1.5),DD2
CL-199,F1.9a,,"Glass-blowing was invented towards the end of the first century BCE in the coastal Levant; the earliest evidence is from Jerusalem; some of the only named glass-workers of the period, such as Ennion, were Greek-speaking Syrians",documented,,; to be backed by the excavation report,DD2
CL-200,F1.9a,,"Magan, the copper land of Sumerian texts, is identified with Oman, where copper was mined and smelted from the Early Bronze Age (Hafit and Umm an-Nar periods, c. 3200–2000 BCE)",documented,,"Weisgerber and others,",DD2
CL-201,F1.9a,,"Copper was smelted in the Balkans about 5000 BCE, earlier than any secure Near Eastern evidence, which challenges the single-origin model",documented,the finding); contested (what it means,Radivojević et al. 2010 (shared with F1.5),DD2
CL-202,F1.9a,,"Luristan bronzes (c. 800–600 BCE) are cast horse-gear and fittings from western Iran, mostly looted rather than excavated",documented,for the objects; the looting history to source,"Cleveland 1980.102 and 1961.33, read live",DD2
CL-203,F1.9a,,"Egypt's earliest writing, c. 3320 BCE, developed in parallel with Mesopotamia's; whether it borrowed the idea is argued",contested,,Kahl 2001 (shared with F1.5),DD2
CL-204,F1.12a,,"Modern domestic horses descend from the western Eurasian steppe, especially the lower Volga–Don region, and spread rapidly across Eurasia from about 2000 BCE together with Sintashta spoke-wheeled chariots; Botai's horses (c. 3500 BCE) were not their ancestors",documented,,,DD2
CL-205,F1.12a,,"Botai's horse remains are Przewalski's horses, and the tooth damage read as bit wear is better explained by natural wear; Botai may have been a site of mass hunting rather than domestication",contested,: a strong recent reading against a decade of consensus,"; Outram et al. 2009,  323, for the earlier view",DD2
CL-206,F1.12a,,"The Pazyryk carpet, 5th–4th century BCE, from a frozen barrow in the Altai excavated in 1949, is the oldest surviving pile carpet; it has about 1,250,000 symmetrical knots, and where it was made (Iran, Central Asia or the Altai) is unknown",documented,object); contested (origin,,DD2
CL-207,F1.12a,,"The Chang'an–Tianshan corridor linked China to the Zhetysu region from the 2nd century BCE, with posthouses, beacon towers and caravanserais",documented,,(shared with F1.13),DD2
CL-208,F1.12a,,"Sogdian silks of the 700s carried Persian pearl-medallion motifs and reached China; museum attributions place a single coat as ""probably Sogdia"" or ""China, Tang dynasty""",documented,object); attribution uncertain,"Cleveland 1996.2.1, read live",DD2
CL-209,F1.12a,,"The Mongol ger is made by households: men carve the wood, women and men felt, sew and paint; it can be dismantled and carried, and is taught by mentoring",documented,,,DD2
CL-210,F1.12a,,Luristan's cast horse gear (800–600 BCE) shows steppe horse culture inside Iran,documented,object,Cleveland 1980.102 (shared with West Asia),DD2
