id,practice,holders,places,source,status,units
PR-001,Al Sadu weaving,Bedouin women weavers,United Arab Emirates,UNESCO Register of Good Safeguarding Practices 2025,recorded (Phase 4),regional slot
PR-002,Dry-stone masonry at Great Zimbabwe,Masons of the Great Zimbabwe area,Zimbabwe,EMKP project,recorded (Phase 4),F1.6
PR-003,Igun Street brass casting,The Igun Eronmwon guild,"Benin City, Nigeria","The Met (2025); The Guardian, Nigeria (2025); Al Jazeera (2026)",recorded (Deep Dives 1),F1.6
PR-010,Wayfinding,Hawaiian and Micronesian navigators,Hawaiʻi; Micronesia,"Polynesian Voyaging Society, in its own words",recorded (Deep Dives 2),F1.12
PR-011,Lenj building,Shipwrights of the Persian Gulf,Iran (Gulf coast),UNESCO Urgent Safeguarding List (to verify),proposed,F1.13
PR-012,Arabic calligraphy,Calligraphers across the Arab world,16 states,UNESCO Representative List 2021,recorded,F1.10
PR-013,Diné weaving,Diné weavers,Diné Bikéyah,Community-published sources first,proposed,F1.7
PR-014,Jingdezhen porcelain making,Workshops of the working city,"Jingdezhen, China",Source-balance rule: makers' own accounts beside official ones,proposed,F1.8
PR-015,Jamdani weaving,Jamdani weavers,Bangladesh,UNESCO Representative List (to verify year),proposed,F1.9
PR-016,Compagnonnage,Compagnons du Devoir and other societies,France,UNESCO Representative List (to verify year),proposed,F1.11
PR-017,Building the Mongol ger,Ger makers,Mongolia,UNESCO Representative List 2013,proposed,F1.ST
PR-018,Budj Bim aquaculture,Gunditjmara people,"Victoria, Australia",UNESCO World Heritage (2019); Gunditjmara-authored material first,proposed,F1.12
