id,title,author_or_maker,date,world,units,language,original_status,best_free_translation,translation_status,where_free,notes
TXT001,De architectura (Ten Books on Architecture),Vitruvius,c. 30-15 BCE,F1.11,F1.28;F1.28a,Latin,PD original,M. H. Morgan 1914 (Harvard UP); J. Gwilt 1826,PD (pre-1931 US publication; Morgan d. 1910),Project Gutenberg ebook 20239 (Morgan); Internet Archive,"Builders, materials, machines."
TXT002,"Naturalis historia (Books 33-37 on metals, pigments, stone, gems)",Pliny the Elder,77 CE,F1.11;F1.13,F1.28;F1.22,Latin,PD original,J. Bostock & H. T. Riley 1855-57 (Bohn),PD,Perseus; Wikisource; Internet Archive,Includes trade in Indian and Arabian goods.
TXT003,De diversis artibus (Schedula diversarum artium),Theophilus Presbyter,early 12th c.,F1.11,F1.28;F1.28a;F1.15,Latin,PD original,R. Hendrie 1847,PD,Internet Archive (Hendrie edition confirmed 2026-09-28),Hawthorne & Smith 1963 and Dodwell 1961 translations are in copyright.
TXT004,Il libro dell'arte,Cennino Cennini,c. 1390-1400,F1.11,F1.28;F1.28a,Italian,PD original,C. Herringham 1899; M. Merrifield 1844,PD,Internet Archive,D. V. Thompson 1933 (Yale) status to verify.
TXT005,"Le vite (incl. technical introduction on architecture, sculpture, painting)",Giorgio Vasari,1550; 1568,F1.11,F1.28;F1.3;F1.26,Italian,PD original,G. du C. de Vere 1912-15; L. Maclehose 1907 ('Vasari on Technique'),PD,Project Gutenberg; Internet Archive,Shows how attribution and 'the artist' were written.
TXT006,De la pirotechnia,Vannoccio Biringuccio,1540,F1.11,F1.28;F1.19,Italian,PD original,C. S. Smith & M. T. Gnudi 1942 (AIME),to verify (US renewal status unknown),"TMS (The Minerals, Metals & Materials Society) hosts a free PDF of the 1943 printing; Internet Archive copy is lending-only",Italian 1540 original scans free on Internet Archive.
TXT007,De re metallica,Georgius Agricola,1556,F1.11,F1.28;F1.22;F1.23,Latin,PD original,H. C. & L. H. Hoover 1912,PD,Project Gutenberg ebook 38015; Wikisource; Internet Archive (confirmed 2026-09-28),"Mining, smelting; woodcuts usable."
TXT008,Encyclopédie and Recueil de planches,"Diderot, d'Alembert and contributors",1751-1772,F1.11,F1.28;F1.19;F1.23,French,PD original,Collaborative Translation Project (U. Michigan) for selected articles,licence to verify,Plates: Wikimedia Commons; text: ARTFL Encyclopédie; Gallica (commercial reuse paid),Plates are the key visual source for trades.
TXT009,Book of the Eparch (Prefect),attrib. Leo VI's administration,c. 911-912 (10th c.),F1.11,F1.17;F1.28,Greek,PD original,"A. E. R. Boak 1929, 'The Book of the Prefect'",to verify (1929 US publication likely PD),to verify (HathiTrust/JSTOR early content),"Guild rules for Constantinople silk, metal, perfume trades."
TXT010,Livre des métiers,Étienne Boileau (provost of Paris),c. 1268,F1.11,F1.17;F1.28,Old French,PD original,No English; French ed. R. de Lespinasse & F. Bonnardot 1879,PD (French edition),Gallica (not open under our rule); Internet Archive,Statutes of about 100 Paris crafts.
TXT011,Mappae clavicula,anonymous compilation,9th-12th c. layers,F1.11,F1.28;F1.28a,Latin,PD original,T. Phillipps 1847 Latin edition (Archaeologia 32); Smith & Hawthorne 1974 English,Phillipps PD; Smith & Hawthorne copyright,Internet Archive (Archaeologia) to verify,"Recipes for pigments, glass, metals."
TXT012,De coloribus et artibus Romanorum,'Heraclius',10th-13th c. layers,F1.11,F1.28;F1.28a,Latin,PD original,"M. P. Merrifield, Original Treatises on the Arts of Painting 1849",PD,Internet Archive,"Merrifield also includes Le Begue, Alcherius, Bolognese and Paduan MSS."
TXT013,Strasbourg manuscript (painters' manual),anonymous,15th c. (original lost 1870; copies),F1.11,F1.28;F1.28a,Early New High German,PD original,V. & R. Borradaile 1966,copyright,Link only,No PD English found.
TXT014,Portfolio of Villard de Honnecourt (BnF fr. 19093),Villard de Honnecourt,c. 1220s-1240s,F1.11,F1.28;F1.14,Old French (Picard),PD original,R. Willis 1859,PD,Gallica (non-commercial terms); Wikimedia Commons images,Masons' drawings and machines.
TXT015,De re aedificatoria,Leon Battista Alberti,1452 (printed 1485),F1.11,F1.28,Latin,PD original,G. Leoni 1726,PD,Internet Archive,
TXT016,I quattro libri dell'architettura,Andrea Palladio,1570,F1.11,F1.28;F1.14,Italian,PD original,I. Ware 1738,PD,Internet Archive,Transfer of models to Britain and colonies.
TXT017,Trattati dell'oreficeria e della scultura,Benvenuto Cellini,1568,F1.11,F1.28;F1.28a,Italian,PD original,C. R. Ashbee 1898,PD,Internet Archive,Goldsmithing and bronze casting.
TXT018,BnF Ms. Fr. 640 (artisan-practitioner's manuscript),anonymous author-practitioner,"after 1579, probably c. 1588",F1.11,F1.28;F1.28a,Middle French,"PD original (Gallica, non-commercial terms)","Making and Knowing Project, Secrets of Craft and Nature (2020) digital edition and translation",CC BY-NC-SA 4.0 (verified 3 Oct 2026): not open under our rule,edition640.makingandknowing.org,Reconstruction lab essays are the model for F1.28a.
TXT019,Mechanick Exercises (incl. Applied to the Art of Printing),Joseph Moxon,1677-1684,F1.11,F1.28;F1.5,English,PD original,n/a (English),PD,Internet Archive (to verify),"Printing, joinery, smithing."
TXT020,Works and Days,Hesiod,c. 700 BCE,F1.11,F1.28;F1.30,Greek,PD original,H. G. Evelyn-White 1914 (Loeb),PD,Project Gutenberg; Perseus,Farm calendar and tools.
TXT021,Oeconomicus,Xenophon,c. 360s BCE,F1.11,F1.28;F1.18,Greek,PD original,H. G. Dakyns 1897,PD,Project Gutenberg,Household production and gendered work.
TXT022,An Inquiry into the Nature and Causes of the Wealth of Nations (pin factory),Adam Smith,1776,F1.11;THEME,F1.19;F1.23,English,PD original,n/a,PD,Project Gutenberg,Division of labour.
TXT023,"Das Kapital vol. 1, ch. 'Machinery and Modern Industry'",Karl Marx,1867,F1.11;THEME,F1.19;F1.23,German,PD original,S. Moore & E. Aveling 1887,PD,Project Gutenberg; Marxists Internet Archive (licence to verify),
TXT024,London Labour and the London Poor,Henry Mayhew,1851 (vols 1-3),F1.11,F1.23;F1.22a,English,PD original,n/a,PD,Internet Archive (to verify Gutenberg),"Street trades, repair, second-hand economies."
TXT025,Official Descriptive and Illustrated Catalogue of the Great Exhibition,Royal Commission,1851,F1.11;F1.13;THEME,F1.19;F1.15,English,PD original,n/a,PD,Internet Archive; HathiTrust,Colonial exhibits framing; content note.
TXT026,The Grammar of Ornament,Owen Jones,1856,THEME,F1.15;F1.2,English,PD original,n/a,PD,Internet Archive; Wikimedia Commons plates,"Appropriation of Islamic, Māori, Indian ornament."
TXT027,The Nature of Gothic (Stones of Venice vol. 2),John Ruskin,1853,F1.11;THEME,F1.19;F1.23,English,PD original,n/a,PD,Project Gutenberg,
TXT028,Hopes and Fears for Art; 'Useful Work versus Useless Toil',William Morris,1882; 1884,F1.11;THEME,F1.19;F1.20,English,PD original,n/a,PD,Project Gutenberg; Internet Archive,
TXT029,Die vier Elemente der Baukunst; Der Stil,Gottfried Semper,1851; 1860-63,F1.11;THEME,F1.15;F1.18,German,PD original,Mallgrave & Herrmann 1989; Mallgrave & Robinson 2004,copyright,German originals on Internet Archive/HathiTrust; translations link only,Textile origin of architecture (Caribbean hut at 1851).
TXT030,Ornament und Verbrechen,Adolf Loos,"1910 lecture; printed 1913 (French), later German",F1.11;THEME,F1.15;F1.20,German,PD in EU (Loos d. 1933),No PD English,English translations copyright,German text: to verify on Wikisource/Projekt Gutenberg-DE,Print dates to verify.
TXT031,The Tall Office Building Artistically Considered,Louis Sullivan,1896,F1.7;THEME,F1.20,English,PD original,n/a,PD,Wikisource/Internet Archive (to verify),
TXT032,Bauhaus Manifesto and Programme,Walter Gropius (woodcut: Lyonel Feininger),1919,F1.11;THEME,F1.20,German,In copyright in EU until end-2039 (Gropius d. 1969); Feininger woodcut PD in EU from 2027,English translations,copyright,LINK ONLY (e.g. Bauhaus-Archiv),Do not host text or woodcut.
TXT033,La pratica della mercatura,Francesco Balducci Pegolotti,c. 1340,F1.11;F1.13,F1.13,Italian,PD original,"Partial English in H. Yule, Cathay and the Way Thither 1866",PD,Internet Archive,Route to Cathay; trade goods.
TXT034,Histories Book IV (Scythians),Herodotus,c. 430 BCE,F1.12a;F1.11,F1.13;F1.3,Greek,PD original,G. C. Macaulay 1890,PD,Project Gutenberg,Outsider's view of steppe peoples.
TXT035,Itinerarium (journey to the Mongols),William of Rubruck,1253-55,F1.12a;F1.13,F1.13;F1.17,Latin,PD original,W. W. Rockhill 1900 (with Carpini),PD,Internet Archive; Silk Road Seattle,Karakorum silver tree by Guillaume Boucher.
TXT036,Embajada a Tamorlán,Ruy González de Clavijo,1403-06,F1.12a;F1.10,F1.13;F1.23,Spanish,PD original,C. R. Markham 1859 (Hakluyt),PD,Internet Archive,Deported craftsmen at Samarkand.
TXT037,Description of the World (Il Milione),Marco Polo and Rustichello,c. 1298-99,F1.13;F1.8;F1.12a,F1.13,Franco-Italian,PD original,H. Yule 1871; 3rd ed. rev. H. Cordier 1903,PD,Project Gutenberg; Internet Archive,
TXT038,Code of Hammurabi,Hammurabi of Babylon (scribes),c. 1754 BCE,F1.9a,F1.17;F1.28,Akkadian,PD original,L. W. King 1910; R. F. Harper 1904,PD,Avalon Project; Internet Archive; Wikisource,"Laws on builders, boatmen, wages."
TXT039,Glass-making texts (Nineveh tablets and earlier),Mesopotamian scribes,2nd-1st mill. BCE (Neo-Assyrian copies 7th c. BCE),F1.9a,F1.28;F1.28a;F1.5,Akkadian,PD originals (British Museum),"A. L. Oppenheim et al. 1970, Glass and Glassmaking in Ancient Mesopotamia",copyright,"Tablet images: BM Collection Online (NC, link only)",No PD translation found.
TXT040,Assyrian royal correspondence,Neo-Assyrian officials,8th-7th c. BCE,F1.9a,F1.17;F1.28,Akkadian,PD original,L. Waterman 1930-36 (vols 1-2 1930); SAA Online (Oracc),Waterman 1930 vols: to verify; SAAo licence to verify,Internet Archive/HathiTrust (to verify); oracc.museum.upenn.edu/saao,"Tribute, deported craftsmen."
TXT041,Sumerian proverbs,Old Babylonian scribes,early 2nd mill. BCE copies,F1.9a,F1.28;F1.29,Sumerian,PD original,ETCSL translations (Oxford),licence to verify,ETCSL (link),E. Gordon 1959 is copyright.
TXT042,Old Assyrian merchant letters from Kanesh (Kültepe),Assur merchants,c. 1950-1750 BCE,F1.9a;F1.13,F1.13;F1.18,Old Assyrian Akkadian,PD original,"none PD (Veenhof, Larsen etc.)",copyright,Link only,Women's textile production in Assur.
TXT043,Susa foundation charter of Darius I (DSf),Darius I (royal scribes),c. 510 BCE,F1.9a,F1.17;F1.13,Old Persian; Elamite; Akkadian,PD original,R. G. Kent 1950/53; online translations (e.g. Livius) terms to verify,Kent copyright,Link only,Lists materials and craftsmen from across the empire.
TXT044,Exodus 35-39 (Bezalel and the Tabernacle),Hebrew Bible,composition c. 6th-5th c. BCE (debated),F1.9a,F1.16;F1.28,Hebrew,PD original,King James Version 1611,PD,Wikisource; Project Gutenberg,Named maker and communal gifts of materials.
TXT045,Satire of the Trades (Instruction of Dua-Khety),attrib. Khety,Middle Kingdom c. 2000-1700 BCE (New Kingdom copies),F1.6,F1.23;F1.28,Middle Egyptian,PD original,"A. Erman, tr. A. M. Blackman 1927, The Literature of the Ancient Egyptians",PD in US (1927 publication); enters the UK public domain on 1 January 2027,Internet Archive (to verify),Scribe's mockery of craftsmen.
TXT046,Report of Wenamun,anonymous (Wenamun),c. 1075 BCE (setting),F1.6;F1.9a,F1.13,Late Egyptian,PD original,"J. H. Breasted, Ancient Records of Egypt vol. 4, 1906",PD,Internet Archive,Cedar timber trade with Byblos.
TXT047,Kebra Nagast,compiled by Yeshaq and others,14th c.,F1.6,F1.16;F1.17,Ge'ez,PD original,E. A. W. Budge 1922,PD (Budge d. 1934),Internet Archive; sacred-texts (to verify),Sacred text: handle with care.
TXT048,Kilwa Chronicle (Kitab al-Sulwa),anonymous Kilwa chronicler,16th c.,F1.6;F1.13,F1.13;F1.3,Arabic,PD original,S. A. Strong 1895 (JRAS) Arabic edition; G. S. P. Freeman-Grenville 1962 English,Strong PD; Freeman-Grenville copyright,JSTOR early journal content (to verify),Portuguese version in Barros.
TXT049,Ta'rikh al-Sudan,'Abd al-Rahman al-Sa'di,c. 1655,F1.6;F1.10,F1.3;F1.17,Arabic,PD original,O. Houdas 1898-1900 (French),PD,Gallica; Internet Archive,J. Hunwick 1999 English is copyright.
TXT050,Ta'rikh al-Fattash,attrib. Mahmud Ka'ti / Ibn al-Mukhtar (disputed),17th c.,F1.6;F1.10,F1.3,Arabic,PD original,O. Houdas & M. Delafosse 1913 (French),PD,Internet Archive; Gallica,Attribution debated.
TXT051,Kitab al-masalik wa-l-mamalik (description of Ghana),Abu 'Ubayd al-Bakri,1068,F1.6;F1.10,F1.13,Arabic,PD original,W. MacGuckin de Slane 1859 (French),PD,Gallica; Internet Archive,Levtzion & Hopkins 1981 English is copyright.
TXT052,Description of Africa,Leo Africanus (al-Hasan al-Wazzan),1526 (printed 1550),F1.6;F1.10,F1.13;F1.3,Italian,PD original,J. Pory 1600; R. Brown ed. 1896 (Hakluyt),PD,Internet Archive,"Timbuktu, Fez crafts and markets."
TXT053,Verdadeira informação das terras do Preste João,Francisco Álvares,1540,F1.6,F1.13;F1.16,Portuguese,PD original,Lord Stanley of Alderley 1881 (Hakluyt),PD,Internet Archive,Ethiopian churches and court.
TXT054,Timbuktu manuscripts (various authors),Timbuktu scholars and copyists,13th-19th c.,F1.6;F1.10,F1.28;F1.5,Arabic; Ajami,PD original,none PD overall,n/a,Link: Mali Magic (Google Arts & Culture); EAP projects,"Manuscripts as made objects (paper, binding)."
TXT055,Travels in the Interior Districts of Africa,Mungo Park,1799,F1.6,F1.18;F1.5;F1.3,English,PD original,n/a,PD,Project Gutenberg,"Iron smelting, weaving, dyeing; colonial gaze."
TXT056,Mission from Cape Coast Castle to Ashantee,T. E. Bowdich,1819,F1.6,F1.17;F1.18,English,PD original,n/a,PD,Internet Archive,Asante goldwork and cloth.
TXT057,The Interesting Narrative of the Life of Olaudah Equiano,Olaudah Equiano,1789,F1.6;F1.13;F1.7,F1.23;F1.13,English,PD original,n/a,PD,Project Gutenberg,Human-flow content note; Igbo crafts recalled.
TXT058,The History of the Yorubas,Samuel Johnson,written 1897; published 1921,F1.6,F1.3;F1.29,English,PD original,n/a,PD in US (1921); author d. 1901,Internet Archive,Written by a Yoruba historian.
TXT059,Muqaddimah (incl. chapter on crafts),Ibn Khaldun,1377,F1.10;F1.6,F1.17;F1.3,Arabic,PD original,W. MacGuckin de Slane 1862-68 (French),PD,Gallica; Internet Archive,F. Rosenthal 1958 English is copyright.
TXT060,Kitab fi ma'rifat al-hiyal al-handasiyya,Ibn al-Razzaz al-Jazari,1206,F1.10,F1.28;F1.28a,Arabic,"PD originals (MSS in Topkapı, Bodleian, BnF and dispersed folios)",D. R. Hill 1974,copyright,Folio images: check Met/Freer OA for CC0 leaves (to verify); others link only,
TXT061,'Ara'is al-jawahir (treatise on ceramics),Abu'l-Qasim Kashani,1301,F1.10,F1.28;F1.28a,Persian,PD original,J. W. Allan 1973 (Iran 11),copyright,Link only,Stonepaste and lustre recipes.
TXT062,Gulistan-i hunar (calligraphers and painters),Qadi Ahmad,c. 1596-1606,F1.10,F1.3;F1.26,Persian,PD original,V. Minorsky 1959 (Freer Occasional Papers),to verify (possible free Smithsonian PDF),to verify,
TXT063,Preface to the Bahram Mirza album,Dust Muhammad,1544,F1.10,F1.3;F1.26,Persian,PD original,W. M. Thackston (album prefaces),copyright,Link only,Early history of Persian painting.
TXT064,Menakib-i hünerveran (Epic Deeds of Artists),Mustafa 'Ali,1587,F1.10,F1.3;F1.26,Ottoman Turkish,PD original,E. Akın-Kıvanç 2011,copyright,Link only,
TXT065,"Seyahatname vol. 1 (procession of Istanbul guilds, 1638)",Evliya Çelebi,17th c.,F1.10,F1.17;F1.23,Ottoman Turkish,PD original,J. von Hammer 1834-50,PD,Internet Archive,Hundreds of guilds listed.
TXT066,Cairo Geniza documents,Jewish communities of Fustat and correspondents,10th-13th c.,F1.10;F1.13,F1.13;F1.18;F1.28,Judaeo-Arabic; Hebrew,PD originals,S. D. Goitein (A Mediterranean Society),copyright,Images: Cambridge Digital Library (terms to verify); Princeton Geniza Project (to verify),
TXT067,Letters and accounts of Abraham Ben Yiju,Abraham Ben Yiju and correspondents,12th c.,F1.10;F1.9;F1.13,F1.13;F1.23,Judaeo-Arabic,PD originals,"S. D. Goitein & M. A. Friedman, India Book (2008)",copyright,Link only,Bronze workshop in Mangalore; enslaved Ashu.
TXT068,Safarnama,Nasir-i Khusraw,1040s-1052,F1.10,F1.13;F1.17,Persian,PD original,C. Schefer 1881 (French),PD,Gallica,W. M. Thackston 1986 English is copyright.
TXT069,Nihayat al-rutba fi talab al-hisba,'Abd al-Rahman al-Shayzari,12th c.,F1.10,F1.17;F1.14,Arabic,PD original,R. P. Buckley 1999,copyright,Link only,Market inspection; fraud in crafts.
TXT070,Kitab al-hadaya wa al-tuhaf (Book of Gifts and Rarities),anonymous,11th c.,F1.10,F1.17;F1.13,Arabic,PD original,G. al-H. Qaddumi 1996,copyright,Link only,
TXT071,Kitab al-jamahir fi ma'rifat al-jawahir,al-Biruni,11th c.,F1.10;F1.9,F1.22;F1.28,Arabic,PD original,H. M. Said 1989,copyright,Link only,Gems and metals.
TXT072,Rihla,Ibn Battuta (with Ibn Juzayy),1355,F1.10;F1.13;F1.6;F1.9,F1.13,Arabic,PD original,S. Lee 1829 (abridged); H. A. R. Gibb 1929 selections,"Lee PD; Gibb 1929 PD in US, UK status to verify (Gibb d. 1971)",Internet Archive,Gibb's Hakluyt edition 1958-2000 is copyright.
TXT073,Periplus of the Erythraean Sea,anonymous Greek-Egyptian merchant,mid-1st c. CE,F1.13;F1.6;F1.9,F1.13,Greek,PD original,W. H. Schoff 1912,PD,Internet Archive; Wikisource,"Trade goods of Red Sea, Arabia, India."
TXT074,Manasara,anonymous,c. 6th-7th c. CE (date debated),F1.9,F1.28;F1.16,Sanskrit,PD original,"P. K. Acharya 1933-34 (OUP, printed Allahabad)",to verify (India life+60; US status unclear),Internet Archive (Digital Library of India scans found),Vastu/Shilpa canon.
TXT075,Mayamata,anonymous,c. 9th-12th c. (debated),F1.9,F1.28;F1.16,Sanskrit,PD original,B. Dagens 1985,copyright,Link only,
TXT076,"Vishnudharmottara Purana, Part III (Chitrasutra)",anonymous,c. 5th-7th c. CE (debated),F1.9,F1.28;F1.16,Sanskrit,PD original,S. Kramrisch 1924 (2nd ed. 1928),PD in US (pre-1931); not PD in India (Kramrisch d. 1993),Internet Archive (to verify),Painting and image-making.
TXT077,Arthashastra,attrib. Kautilya,c. 2nd c. BCE-3rd c. CE (debated),F1.9,F1.17;F1.18,Sanskrit,PD original,R. Shamasastry 1915,PD,Internet Archive; Wikisource (to verify),"Superintendents of weaving, mines, goldsmiths."
TXT078,Ain-i-Akbari,Abu'l Fazl,c. 1590s,F1.9;F1.10,F1.17;F1.18,Persian,PD original,H. Blochmann 1873; H. S. Jarrett 1891-94,PD,Internet Archive,Imperial karkhanas.
TXT079,Baburnama,Babur,1520s,F1.9;F1.10;F1.12a,F1.17;F1.13,Chagatai Turkic,PD original,A. S. Beveridge 1912-22,PD (Beveridge d. 1929),Internet Archive,
TXT080,The Indian Craftsman,Ananda K. Coomaraswamy,1909,F1.9;THEME,F1.17;F1.20,English,PD original,n/a,PD,Internet Archive; Project Gutenberg (to verify),
TXT081,Mediaeval Sinhalese Art,Ananda K. Coomaraswamy,1908,F1.9,F1.17;F1.28,English,PD original,n/a,PD,Internet Archive,Craft castes of Kandyan Sri Lanka.
TXT082,The Industrial Arts of India,George C. M. Birdwood,1880,F1.9;THEME,F1.19;F1.15,English,PD original,n/a,PD,Internet Archive,Colonial framing.
TXT083,Journal of Indian Art (and Industry),various,1884-1917,F1.9;THEME,F1.19;F1.15,English,PD original,n/a,PD,Internet Archive; HathiTrust,
TXT084,"A Journey from Madras through the Countries of Mysore, Canara and Malabar",Francis Buchanan,1807,F1.9,F1.23;F1.18,English,PD original,n/a,PD,Internet Archive,"Survey of weavers, iron workers."
TXT085,Great Tang Records on the Western Regions,Xuanzang (with Bianji),646,F1.12a;F1.9;F1.8,F1.13;F1.16;F1.29,Classical Chinese,PD original,S. Beal 1884,PD,Internet Archive,
TXT086,Customs of Cambodia (Zhenla fengtu ji),Zhou Daguan,c. 1297-1312,F1.9;F1.8,F1.13;F1.17,Classical Chinese,PD original,P. Pelliot 1902 (French),PD,Gallica; Internet Archive,P. Harris 2007 English is copyright.
TXT087,Book of Duarte Barbosa,Duarte Barbosa,c. 1516,F1.9;F1.6;F1.13,F1.13,Portuguese,PD original,M. L. Dames 1918-21 (Hakluyt),PD,Internet Archive,Swahili coast and Indian textiles.
TXT088,Nagarakretagama (Desawarnana),Mpu Prapanca,1365,F1.9,F1.17;F1.16,Old Javanese,PD original,T. G. Th. Pigeaud 1960-63,copyright,Link only,
TXT089,Yingya shenglan,Ma Huan,1433 (rev. 1451),F1.8;F1.9;F1.13,F1.13,Classical Chinese,PD original,J. V. G. Mills 1970 (Hakluyt); partial extracts in W. P. Groeneveldt 1876,Mills copyright; Groeneveldt PD (coverage to verify),Internet Archive (Groeneveldt),
TXT090,Liujiagang and Changle inscriptions,Zheng He and fleet officers,1431,F1.8;F1.13,F1.13;F1.16,Classical Chinese,PD original,J. J. L. Duyvendak 1938 (T'oung Pao) to verify,to verify,Link only,
TXT091,"Kaogongji (Record of the Trades, in Zhouli)",anonymous,c. 5th-3rd c. BCE (debated),F1.8,F1.28;F1.17,Classical Chinese,PD original,"É. Biot 1851 (French, Le Tcheou-li)",PD,"ctext.org (link, no scraping); Internet Archive (Biot)",No PD English found.
TXT092,Yingzao fashi,Li Jie,1103,F1.8,F1.28;F1.17,Classical Chinese,PD original,no complete PD English,n/a,Chinese text: Wikisource zh (to verify),Feng Jiren 2012 study is copyright.
TXT093,Tiangong kaiwu,Song Yingxing,1637,F1.8,F1.28;F1.5;F1.18,Classical Chinese,PD original,E-tu Zen Sun & Shiou-chuan Sun 1966,copyright,Original: ctext.org link; scans on NDL/other libraries (to verify); Library of Congress scan of the National Library of China copy,Woodcuts usable as PD.
TXT094,Jingdezhen taolu,Lan Pu (ed. Zheng Tinggui),1815,F1.8,F1.19;F1.28,Classical Chinese,PD original,"S. Julien 1856 (French, Histoire et fabrication de la porcelaine chinoise)",PD,Gallica; Internet Archive,G. R. Sayer 1951 English is copyright.
TXT095,Letters on porcelain manufacture at Jingdezhen,François-Xavier d'Entrecolles,1712; 1722,F1.8;F1.13,F1.14;F1.19,French,PD original,English versions in later porcelain books (to verify),to verify,Internet Archive (Lettres édifiantes),Industrial espionage and transfer.
TXT096,Yuanye (The Craft of Gardens),Ji Cheng,1631-34,F1.8,F1.28,Classical Chinese,PD original,A. Hardie 1988,copyright,Link only,
TXT097,Nongshu (incl. treatise on wooden movable type),Wang Zhen,1313,F1.8,F1.5;F1.28,Classical Chinese,PD original,no PD English (to verify),n/a,ctext.org (link),
TXT098,Mengxi bitan (Dream Pool Essays),Shen Kuo,c. 1088,F1.8,F1.5;F1.28,Classical Chinese,PD original,no PD English (to verify),n/a,ctext.org (link),Bi Sheng's movable type.
TXT099,Lidai minghua ji,Zhang Yanyuan,847,F1.8,F1.3;F1.26,Classical Chinese,PD original,W. R. B. Acker 1954,copyright,Link only,
TXT100,Hokusai manga,Katsushika Hokusai,1814-1878,F1.8,F1.29;F1.23,Japanese (images),PD original,n/a (images),n/a,ColBase; Met Open Access; NDL; Wikimedia Commons,Crafts and trades sketches.
TXT101,Nihon sankai meibutsu zue,Hirase Tessai (text); Hasegawa Mitsunobu (illus.),1754 (to verify),F1.8,F1.23;F1.22,Japanese,PD original,none,n/a,NDL Digital (to verify),"Mining, fishing, papermaking images."
TXT102,Karakuri zui,Hosokawa Hanzō Yorinao,1796,F1.8,F1.28;F1.28a,Japanese,PD original,English translations exist (status to verify),to verify,NDL Digital (to verify),Automata construction.
TXT103,Shokunin zukushi-e / shokunin uta-awase (pictures of craftspeople),various artists,14th-19th c.,F1.8,F1.23;F1.18,Japanese (images),PD original,n/a,n/a,ColBase; NDL (to verify),
TXT104,The Book of Tea,Okakura Kakuzō,1906,F1.8;THEME,F1.20;F1.16,English,PD original,n/a,PD,Project Gutenberg,
TXT105,Kōgei no michi and other writings,Yanagi Sōetsu,1928 onward,F1.8;THEME,F1.20;F1.29,Japanese,"Japanese originals PD in Japan (d. 1961, under pre-2018 life+50 term); post-1930 works may be in US copyright",The Unknown Craftsman (B. Leach adaptation 1972),copyright,Japanese: Aozora Bunko (to verify); English link only,
TXT106,Uigwe (Joseon royal protocol books),Joseon court officials and painters,1601-early 20th c.,F1.8,F1.17;F1.28,Classical Chinese (hanmun),PD original,none,n/a,Kyujanggak; National Museum of Korea (use only KOGL Type 1 items),Record named craftsmen per project.
TXT107,Hunminjeongeum haerye,King Sejong and Hall of Worthies scholars,1446,F1.8,F1.5,Classical Chinese; Hangul,PD original,various modern translations,to verify,Link (Kansong Art Museum holds original),Writing invented as a designed system.
TXT108,Jikji (Baegun hwasang chorok buljo jikji simche yojeol),Baegun (compiled); printed at Heungdeoksa,1377,F1.8,F1.5,Classical Chinese,PD original,none,n/a,Gallica (BnF Coréen 109; non-commercial terms) to verify,Earliest extant metal movable-type book.
TXT109,Florentine Codex (General History of the Things of New Spain),Bernardino de Sahagún with Nahua scholars and painters,1575-77,F1.7,F1.28;F1.26;F1.3,Nahuatl; Spanish,PD original,A. J. O. Anderson & C. E. Dibble 1950-82,copyright,World Digital Library facsimile at LoC; Digital Florentine Codex (Getty; terms to verify),"Book 9-10: featherworkers, goldsmiths."
TXT110,Codex Mendoza,Nahua tlacuiloque; Spanish annotator,c. 1541-42,F1.7,F1.17;F1.28,Nahuatl pictography; Spanish,PD original,J. C. Clark 1938 (to verify),to verify,Digital Bodleian (CC BY-NC; link if commercial),"Tribute of textiles, feathers."
TXT111,Nueva corónica y buen gobierno,Felipe Guaman Poma de Ayala,1615,F1.7,F1.3;F1.23;F1.26,Spanish; Quechua,PD original,R. Hamilton 2009 (abridged),copyright,Royal Danish Library facsimile (terms to verify),Andean author-illustrator.
TXT112,Comentarios reales de los Incas,Inca Garcilaso de la Vega,1609,F1.7,F1.3;F1.18,Spanish,PD original,C. R. Markham 1869-71 (Hakluyt),PD,Internet Archive,"Cloth, khipu, building."
TXT113,Crónica del Perú,Pedro de Cieza de León,1553,F1.7,F1.13;F1.28,Spanish,PD original,C. R. Markham 1864; 1883 (Hakluyt),PD,Internet Archive,
TXT114,Historia verdadera de la conquista de la Nueva España,Bernal Díaz del Castillo,written c. 1568; printed 1632,F1.7,F1.19a;F1.13,Spanish,PD original,A. P. Maudslay 1908-16 (Hakluyt),PD,Internet Archive; Project Gutenberg (to verify),Tlatelolco market.
TXT115,Relación de las cosas de Yucatán,Diego de Landa,c. 1566,F1.7,F1.3;F1.24,Spanish,PD original,C. E. Brasseur de Bourbourg 1864 (Spanish/French); W. Gates 1937,Brasseur PD; Gates to verify,Internet Archive,Author burned Maya books: content note.
TXT116,Dresden Codex,Maya scribes,c. 11th-14th c. (debated),F1.7,F1.5;F1.30,Maya (glyphic),PD original,E. Förstemann facsimile 1880,PD,SLUB Dresden digital (licence to verify); Wikimedia Commons,
TXT117,Madrid and Paris Maya codices,Maya scribes,Postclassic (debated),F1.7,F1.5;F1.30,Maya (glyphic),PD original,facsimiles,PD,"Gallica (Paris codex, non-commercial terms); Wikimedia Commons",
TXT118,Codex Zouche-Nuttall,Mixtec painters,14th-15th c.,F1.7,F1.3;F1.28,Mixtec pictography,PD original,Z. Nuttall 1902 facsimile,PD,Internet Archive (to verify); BM images CC BY-NC-SA,
TXT119,Popol Vuh,K'iche' authors; copied by Francisco Ximénez,16th c. text; MS c. 1701-03,F1.7,F1.16;F1.29,K'iche'; Spanish,PD original,"C. E. Brasseur de Bourbourg 1861 (French); A. Christenson 2003 (free PDF via Mesoweb, terms to verify)",Brasseur PD; Christenson copyright,Newberry Library MS digital (to verify),Sacred text.
TXT120,An Account of the Antiquities of the Indians,Ramón Pané,1498,F1.7,F1.16;F1.3,Spanish (survives in Italian),PD original,E. G. Bourne 1906,PD,Internet Archive,Taíno cemí making.
TXT121,Warhaftige Historia (True History),Hans Staden,1557,F1.7,F1.3;F1.19a,German,PD original,A. Tootal & R. F. Burton 1874 (Hakluyt),PD,Internet Archive,Tupinambá; sensational framing.
TXT122,Histoire d'un voyage faict en la terre du Brésil,Jean de Léry,1578,F1.7,F1.3,French,PD original,J. Whatley 1990,copyright,Gallica,French original free.
TXT123,Aboriginal American Basketry,Otis T. Mason,1904 (US National Museum Report for 1902),F1.7,F1.18;F1.24,English,PD (US government work),n/a,PD,Internet Archive; BHL (to verify),CARE: check community sensitivities before images.
TXT124,Primitive Art,Franz Boas,1927,THEME;F1.7,F1.15;F1.3,English,PD original,n/a,PD (US 1927 publication; Boas d. 1942),Internet Archive,Northwest Coast formline analysis.
TXT125,Endeavour journal,Joseph Banks,1768-71,F1.12,F1.3;F1.24,English,PD original,n/a,PD,State Library NSW transcription (terms to verify),Early outsider descriptions of Tahitian and Māori making; content note.
TXT126,The Maori Canoe (Dominion Museum Bulletin 7),Elsdon Best,1925,F1.12,F1.29;F1.24,English,PD original,n/a,PD (US 1925; Best d. 1931),NZETC (to verify),Taonga: images only if community-cleared.
TXT127,Maori Art,Augustus Hamilton,1896-1901,F1.12,F1.15;F1.24,English,PD original,n/a,PD,Internet Archive,
TXT128,Argonauts of the Western Pacific,Bronisław Malinowski,1922,F1.12,F1.13;F1.29,English,PD original,n/a,PD (Malinowski d. 1942),Internet Archive; Project Gutenberg (to verify),"Kula exchange, canoe-building."
TXT129,Arts and Crafts of Hawaii,Te Rangi Hīroa (Peter Buck),1957,F1.12,F1.29;F1.18,English,to verify,n/a,to verify,Link only (Bishop Museum),Written by a Māori scholar.
TXT130,The Native Tribes of Central Australia,B. Spencer & F. J. Gillen,1899,F1.12,F1.24;F1.26,English,PD original,n/a,PD,DO NOT DISPLAY: contains secret-sacred material; link with Notice only,"Listed as a caution, not a source to host."
