id,name,other_names,kind,family,world,sub_regions,start,end,date_note,making_significance,materials_techniques,object_types,functions,defined_by,leaves_out,sensitivity,free_sources,tier,units,confidence,notes
MAT001,Flint and chert,silex,material,Things,THEME;F1.11;F1.7,EU-BLC;EU-WCE;AM-EWD;AF-EGY,,,"used from the Lower Palaeolithic; Neolithic flint mines (Spiennes, Grimes Graves, Krzemionki) c.4000–2000 BCE","A fine-grained silica rock that fractures predictably, the main material of knapped tools in many regions.",knapping; mining; pressure flaking,axes; blades; arrowheads; gunflints,tools;war,geologists; archaeologists,,none,Met Open Access (CC0); Smithsonian NMNH Anthropology via Smithsonian Open Access (CC0 where marked); Wikimedia Commons; UNESCO World Heritage / Intangible Cultural Heritage pages (link out),R3,F1.22,high,
MAT002,Obsidian,volcanic glass,material,Things,THEME;F1.9a;F1.7;F1.12;F1.6,WA-ANA;WA-CAU;EU-GRR;AF-HRN;AM-MES;AM-WST;OC-MEL;OC-POL,-1200000,,"obsidian handaxe workshop at Melka Kunture, Ethiopia c.1.2 Ma; widely used thereafter","Volcanic glass gives the sharpest stone edges and can be chemically traced to its source, making it a key to mapping networks.",knapping; pressure blades; grinding; polishing,blades; mirrors; points,tools;ritual and belief;exchange and value,geologists; archaeologists (source characterisation),,none,Met Open Access (CC0); Smithsonian NMNH Anthropology via Smithsonian Open Access (CC0 where marked); Wikimedia Commons,R2,F1.13,high,"Checked: obsidian handaxe workshop at Simbiro III, Melka Kunture, dated >1.2 Ma (Mussi et al. 2023)."
MAT003,Nephrite,jade (nephrite); pounamu; yu,material,Things,F1.8;F1.12;F1.12a,AS-CHN;AS-CEN;AS-NTH;OC-POL,-6000,,Xinglongwa c.6200–5400 BCE; Hetian (Khotan) nephrite; Taiwan Fengtian; Aotearoa pounamu,"A tough amphibole stone worked by abrasion into ritual and status objects in China, Taiwan and Aotearoa.",abrasive sawing; drilling; polishing,bi; cong; hei-tiki; mere,ritual and belief;rule and display;war,mineralogists (Damour 1863 distinguished nephrite and jadeite),Pounamu is a taonga owned by Ngāi Tahu under statute.,sacred;Indigenous-community,Met Open Access (CC0); National Palace Museum Taipei Open Data; Cleveland Museum of Art Open Access (CC0); Te Papa Collections Online (CC BY where marked; otherwise link out),R2,F1.16,high,
MAT004,Jadeite,jade (jadeite); jadeitite,material,Things,F1.7;F1.8;F1.11,AM-MES;AM-CAM;AS-JPN;AS-MSE;EU-WCE,-5000,,"Itoigawa, Japan (Jōmon) c.5000 BCE; Alpine jadeitite axes (Monte Viso) 5th millennium BCE; Motagua Valley, Guatemala; Myanmar jadeite in China from 18th c.","A pyroxene stone used in Olmec and Maya greenstone, Jōmon beads, Neolithic European axes and later Qing carving.",abrasive carving; drilling,masks; celts; beads; axes,ritual and belief;rule and display,mineralogists; archaeologists,Myanmar jade mining linked to conflict and deadly landslides.,conflict-looting;sacred,Met Open Access (CC0); Cleveland Museum of Art Open Access (CC0); Wikimedia Commons,R3,F1.22,high,
MAT005,Lapis lazuli,lapis,material,Things,F1.9a;F1.12a;F1.6;F1.7,AS-CEN;AM-AND,-4000,,Badakhshan (Sar-i Sang) lapis in Mesopotamia and Egypt from 4th millennium BCE; Chilean lapis in the Andes,"A deep blue rock from very few sources, carried long distances for beads, inlay and later ground as ultramarine pigment.",lapidary; inlay,beads; inlays; seals,clothing and adornment;rule and display,mineralogists,,none,Met Open Access (CC0); Cleveland Museum of Art Open Access (CC0); Wikimedia Commons,R3,F1.13,high,
MAT006,Carnelian,sard; akik,material,Things,F1.9;F1.9a;F1.10,AS-SAS,-3000,,Gujarat sources (e.g. Ratanpur) worked from Harappan times; ongoing at Khambhat,"A red chalcedony, heated to deepen its colour, drilled into beads and carved into seals and rings.",heat treatment; drilling; etching,beads; seals; ring stones,clothing and adornment;exchange and value,mineralogists,,living-community,Met Open Access (CC0); Wikimedia Commons,R3,F1.13,high,
MAT007,Turquoise,firuza,material,Things,F1.9a;F1.6;F1.7;F1.8,AF-EGY;WA-IRN;AM-WST;AS-CHN;AS-HIM,-3000,,Sinai mines from early dynastic Egypt; Nishapur (Iran); Cerrillos (New Mexico); Hubei; earlier use in Iran,A blue-green copper aluminium phosphate carved and inlaid from Egypt and Iran to the American Southwest and Tibet.,inlay; mosaic; bead drilling,mosaics; beads; pendants,clothing and adornment;ritual and belief,mineralogists,,sacred;Indigenous-community,Met Open Access (CC0); Cleveland Museum of Art Open Access (CC0); Wikimedia Commons,R3,F1.13,high,
MAT008,Marble,marmor,material,Things,F1.11;F1.9,EU-GRR;AS-SAS;WA-ANA,-3000,,"Cycladic figures c.3000 BCE; Paros, Pentelikon, Carrara, Proconnesus, Makrana","Crystalline limestone that takes a fine polish, quarried for sculpture and building from the Cyclades to the Taj Mahal.",quarrying; carving; polishing,statues; columns; inlay,rule and display;ritual and belief;shelter,geologists,,none,Met Open Access (CC0); Wikimedia Commons; Europeana,R3,F1.22,high,
MAT009,Soapstone and steatite,steatite; talc schist,material,Things,F1.9;F1.6;F1.7,AS-SAS;AF-EGY;AF-SOU;AF-GUI;AM-ARC,-2600,,Indus seals c.2600 BCE (much earlier use); Great Zimbabwe birds; Sierra Leone nomoli; Inuit carving commercialised from 1949,"A soft talc-rich stone easily carved and, as steatite, glazed or fired hard.",carving; firing; glazing,seals; scarabs; bird carvings; figures,record and writing;ritual and belief,mineralogists,,sacred;Indigenous-community,Met Open Access (CC0); Wikimedia Commons,R3,F1.13,high,
MAT010,Basalt,basalt,material,Things,F1.7;F1.12;F1.9a,AM-MES;OC-POL;WA-LEV;AF-HRN,,,used from the Palaeolithic; approximate,"A hard volcanic rock used for grinding stones, Olmec colossal heads and Polynesian adzes.",pecking; grinding,grindstones; adzes; colossal heads,tools;food and storage;rule and display,geologists,,none,Met Open Access (CC0); Wikimedia Commons,R3,,high,
MAT011,Rock crystal,clear quartz,material,Things,F1.10;F1.11;F1.7,AF-EGY;AS-SAS;EU-WCE;AM-MES,,,ancient; Fatimid carving 10th–11th c.,"Transparent quartz, carved and hollowed with abrasive wheels, made Fatimid ewers, reliquaries and seals.",wheel carving; drilling,ewers; reliquaries; seals,rule and display;ritual and belief,mineralogists,Many 'pre-Columbian' crystal skulls are 19th-c. fakes.,none,Met Open Access (CC0); Walters Art Museum (CC0); Wikimedia Commons,R3,F1.14,high,
MAT012,Alabaster,calcite alabaster; gypsum alabaster,material,Things,F1.6;F1.9a;F1.11,AF-EGY;WA-MES;WA-ARB;EU-BLC,-3000,,Egyptian (Hatnub) calcite from early dynastic period; Nottingham alabaster 14th–16th c.,"Soft translucent stones carved into vessels, figures and window panes.",carving; turning,vessels; panels; figures,ritual and belief;food and storage,mineralogists,,funerary,Met Open Access (CC0); Wikimedia Commons,R3,,high,
MAT013,Amber,fossil resin,material,Things,F1.11;F1.9;F1.7,EU-SCA;EU-EER;AS-MSE;AM-CAR,-12000,,Baltic amber used from Late Palaeolithic; Burmese and Dominican amber,"Fossilised tree resin carved into beads and ornaments, traded south along the Amber Road.",carving; drilling; polishing,beads; pendants; figurines,clothing and adornment;exchange and value,geologists,Burmese (Kachin) amber mining linked to armed conflict.,conflict-looting,Met Open Access (CC0); Wikimedia Commons; Europeana,R3,F1.13;F1.22,medium,
MAT014,Red coral,Corallium rubrum,material,Things,F1.11;F1.6;F1.9,EU-GRR;AF-GUI;AS-HIM;AS-SAS,,,ancient Mediterranean harvesting; traded to India and Tibet; Benin royal regalia from 16th c.,"Mediterranean red coral was traded to India, Tibet and West Africa, where Benin court regalia used it heavily.",harvesting; drilling,beads; regalia; crowns,rule and display;clothing and adornment,historians,,living-community,Met Open Access (CC0); Wikimedia Commons,R3,F1.13;F1.22,medium,
MAT015,Emerald,beryl,material,Things,F1.7;F1.10;F1.9,AM-LAT;AM-CAM;AF-EGY,,,Egyptian mines (Mons Smaragdus) Roman period; Muisca use of Colombian emeralds; exported to Mughal and Ottoman courts from 16th c.,"Colombian emeralds, mined under Spanish rule, were carved at Mughal and Ottoman courts.",carving; faceting,pendants; inlay,rule and display,historians,Muzo and Chivor miners' labour.,human-flow,Met Open Access (CC0); Wikimedia Commons,R3,F1.13;F1.22,medium,
MAT016,Garnet,almandine,material,Things,F1.11;F1.9,AS-SAS;EU-WCE;EU-BLC,400,,Sri Lankan and Indian garnets in Merovingian and Anglo-Saxon cloisonné 5th–7th c.,Thin-cut garnets set over patterned gold foil made cell-work jewellery such as the Sutton Hoo fittings.,slicing; cloisonné setting,brooches; buckles; sword fittings,rule and display;clothing and adornment,archaeologists; archaeometrists,,funerary,Met Open Access (CC0); Wikimedia Commons,R3,F1.13,high,
MAT017,Diamond,diamond,material,Things,F1.9;F1.7;F1.6,AS-SAS;AM-LAT;AF-SOU;AF-GUI,,,India (Golconda) as sole source into 18th c.; Brazil from 1720s; Kimberley from 1867,"Diamonds from India, then Brazil and South Africa, were cut into faceted gems; 20th-c. mining tied to conflict and migrant labour.",cleaving; faceting,jewels,rule and display;exchange and value,historians,Enslaved miners in Brazil; South African migrant labour; conflict diamonds.,human-flow;conflict-looting,Met Open Access (CC0); Wikimedia Commons,R3,F1.22;F1.23,high,
MAT018,Mica,muscovite,material,Things,F1.7;F1.9,AM-EWD;AS-SAS,-100,,Hopewell cut-outs c.100 BCE–500 CE; Indian mica for 20th-c. electronics and cosmetics,Sheet mica was cut into Hopewell hands and figures and later mined for electrical insulation and cosmetics.,splitting; cutting,cut-outs; insulators,ritual and belief;tools,geologists,Child labour in modern Indian mica mining.,funerary;Indigenous-community,Wikimedia Commons; open-access journal articles,R3,F1.22;F1.23,high,
MAT019,Earthenware,terracotta; low-fired clay,material,Things,THEME,GL,-18000,,earliest vessels c.18 ka (China); figurines c.26 ka,"Porous low-fired clay, the most widespread ceramic body, used for cooking pots, figures and building tiles.",coiling; open firing; burnishing,pots; figurines; tiles,food and storage;shelter,ceramicists,,none,Met Open Access (CC0); Cleveland Museum of Art Open Access (CC0); Wikimedia Commons,R3,F1.29,high,
MAT020,Stoneware,stoneware body,material,Things,F1.8;F1.11,AS-CHN;AS-KOR;AS-JPN;EU-WCE;AS-MSE,-1500,,Shang proto-stoneware; Rhenish stoneware from 14th c.,"Clay fired to vitrification, dense and waterproof, suited to storage jars and tea wares.",high firing; ash and salt glazes,jars; bottles; tea bowls,food and storage,ceramicists,,none,Met Open Access (CC0); Rijksmuseum (public-domain images); ColBase Japan national museums (Japan Government Standard Terms),R3,,high,
MAT021,Kaolin and porcelain stone,china clay; petuntse,material,Things,F1.8;F1.11,AS-CHN;EU-BLC;EU-WCE,580,,Chinese white wares 6th c.; name from Gaoling near Jingdezhen; Cornish china clay from 1740s,White clay and a feldspathic stone combined make porcelain; European potters hunted for sources for centuries.,mining; levigation,porcelain,food and storage;exchange and value,mineralogists (name from Gaoling),,none,Met Open Access (CC0); Wikimedia Commons,R3,F1.22,high,
MAT022,Faience (quartz-frit body),Egyptian faience; glazed composition,material,Things,F1.6;F1.9a;F1.9,AF-EGY;WA-MES;AS-SAS,-4000,,Predynastic Egypt; Harappan,A non-clay ceramic of ground quartz and alkali that forms its own glaze.,efflorescence glazing; moulding,amulets; beads; tiles,ritual and belief;clothing and adornment,archaeologists,Not the same as tin-glazed 'faience' (French).,funerary,Met Open Access (CC0); Cleveland Museum of Art Open Access (CC0); Wikimedia Commons,R3,,high,
MAT023,Native copper,native copper,material,Things,F1.7;F1.9a,AM-EWD;WA-ANA,-8000,,Anatolia c.8th millennium BCE; Great Lakes Old Copper Complex,Naturally pure copper hammered without smelting in Anatolia and around Lake Superior.,cold hammering; annealing,awls; points; plates,tools;ritual and belief,geologists,,Indigenous-community;sacred,Smithsonian NMNH Anthropology via Smithsonian Open Access (CC0 where marked); Wikimedia Commons,R3,F1.5,high,
MAT024,Arsenical copper,arsenical bronze,material,Things,F1.9a;F1.7;F1.11,WA-LEV;WA-CAU;WA-IRN;AM-AND,-4000,,4th millennium BCE; Andes later,"Copper alloyed with arsenic, usually through ore choice, harder than pure copper.",smelting; casting,axes; maceheads,tools;war,archaeometallurgists,,none,Wikimedia Commons; open-access excavation reports,R3,,high,
MAT025,Tin,cassiterite,material,Things,F1.11;F1.9;F1.6;F1.7,EU-BLC;EU-WCE;AS-ISE;AS-MSE;AF-GUI;AM-AND,-3000,,"approximate; Cornwall, Erzgebirge, Malay Peninsula, Jos Plateau, Bolivia","Tin, rarely found near copper, was traded far to make bronze and later pewter and tinplate.",smelting; alloying,ingots; pewter; tinplate,tools;food and storage,geologists,Chinese labour in Malayan mines; Bolivian miners.,human-flow,Wikimedia Commons; USGS Mineral Commodity Summaries (US public domain),R3,F1.13;F1.22,high,
MAT026,Bronze,tin bronze; leaded bronze,material,Things,THEME,GL,-3000,,regular use c.3000 BCE in West Asia; China c.2000 BCE,"A copper–tin alloy that casts well, used for weapons, vessels, bells, drums and statues.",casting; forging,ritual vessels; drums; statues; bells,ritual and belief;war;play and music,archaeometallurgists,'Bronze Age' is a regional label.,none,Met Open Access (CC0); Cleveland Museum of Art Open Access (CC0); Wikimedia Commons,R3,F1.30,high,
MAT027,Brass,latten; orichalcum,material,Things,F1.11;F1.6;F1.10,EU-GRR;EU-WCE;AF-GUI;WA-IRN,-100,,Roman cementation brass c.1st c. BCE; European brass manillas traded to West Africa 15th–19th c.,A copper–zinc alloy; European brass manillas were melted by Benin casters for plaques and heads.,cementation; casting; hammering,manillas; Benin plaques; ewers,exchange and value;rule and display,archaeometallurgists,Manillas were used in the trade in enslaved people.,human-flow;conflict-looting,Met Open Access (CC0); Wikimedia Commons,R3,F1.13;F1.24,high,
MAT028,Gold,gold,material,Things,THEME;F1.11;F1.6;F1.7,EU-BYZ;AF-NUB;AF-SAH;AF-SOU;AM-CAM;AM-AND,-4500,,Varna necropolis c.4500 BCE,"A soft, non-tarnishing metal hammered, cast and granulated for display and currency.",hammering; casting; granulation; gilding,jewellery; masks; coins,rule and display;exchange and value;ritual and belief,—,Mining labour and colonial melting of American goldwork.,funerary;conflict-looting,Met Open Access (CC0); Cleveland Museum of Art Open Access (CC0); Wikimedia Commons,R2,F1.22;F1.24,high,
MAT029,Silver,silver,material,Things,THEME;F1.7;F1.8;F1.11,AM-AND;AM-LAT;AS-JPN;EU-GRR;WA-ANA,-4000,,cupellation from 4th millennium BCE; Laurion; Potosí from 1545; Iwami Ginzan 16th–17th c.,"Spanish American and Japanese silver became the world's money in the 16th–18th c., drawn to China.",cupellation; amalgamation; minting,coins; vessels; ingots,exchange and value;rule and display,historians,Andean mita labour and enslaved miners; enslaved miners at Laurion.,human-flow,Met Open Access (CC0); Cleveland Museum of Art Open Access (CC0); Wikimedia Commons; UNESCO World Heritage / Intangible Cultural Heritage pages (link out),R1,F1.13;F1.22;F1.23,high,
MAT030,Tumbaga,guanín,material,Things,F1.7,AM-CAM;AM-AND,1,,first millennium BCE–CE onward,"A gold–copper alloy of the Isthmus and Colombia, surface-enriched to look gold.",casting; depletion gilding,pendants; figures,ritual and belief;clothing and adornment,archaeometallurgists,,sacred,Met Open Access (CC0); Cleveland Museum of Art Open Access (CC0),R3,,medium,
MAT031,Iron,wrought iron; cast iron; meteoritic iron,material,Things,THEME,GL,-3200,,meteoritic iron beads c.3200 BCE; smelted iron widespread c.1200 BCE,"The most abundant structural metal, first from meteorites and then smelted in bloomeries and blast furnaces.",bloomery; blast furnace; forging,tools; weapons; hoes; beams,tools;war;shelter,archaeometallurgists,,none,Met Open Access (CC0); Wikimedia Commons,R3,F1.5,high,
MAT032,Steel,carbon steel,material,Things,THEME,GL,-300,,crucible steel c.3rd c. BCE in South India; mass production from 1856,"Iron with controlled carbon, hardened by quenching; made in crucibles, by forging and later in converters.",crucible; pattern welding; converters,blades; rails; frames,war;tools;shelter,metallurgists,,none,Met Open Access (CC0); Wikimedia Commons,R3,F1.19,high,
MAT033,Zinc,spelter,material,Things,F1.9;F1.8,AS-SAS;AS-CHN,900,,Zawar c.9th c.; Chinese zinc from 16th c.,"Metallic zinc, hard to smelt because it vaporises, was first made in quantity in Rajasthan.",distillation,bidri; brass,tools;rule and display,archaeometallurgists,,none,Wikimedia Commons; open-access journal articles,R3,,high,
MAT034,Lead,lead,material,Things,F1.9a;F1.11,WA-ANA;EU-GRR;EU-IBE;EU-BLC,-6500,,lead beads at Çatalhöyük c.6500 BCE,"A soft, heavy metal used in pipes, glazes, lead white and type metal, and a long-running occupational poison.",casting; cupellation,pipes; type; glazes,shelter;care and access,—,Poisoning of workers and users.,none,Wikimedia Commons,R3,F1.23,high,
MAT035,Platinum,platinum,material,Things,F1.7,AM-AND,-600,,La Tolita–Tumaco culture c.600 BCE–300 CE; European description 1748,"La Tolita–Tumaco smiths sintered platinum grains with gold, centuries before Europe could melt the metal.",sintering with gold,nose ornaments; masks,clothing and adornment;ritual and belief,archaeometallurgists,European 'discovery' narrative.,none,Met Open Access (CC0); Wikimedia Commons,R3,F1.5;F1.3,medium,
MAT036,Aluminium,aluminum,material,Things,THEME,GL,1825,,isolated 1825; Hall–Héroult process 1886,"A light metal made cheap by electrolysis from bauxite, used in aircraft, furniture and packaging.",electrolysis; extrusion,chairs; cans; aircraft,transport;food and storage,chemists; industry,"Bauxite mining in Guinea, Jamaica and Australia.",none,USGS Mineral Commodity Summaries (US public domain); Wikimedia Commons,R3,F1.19;F1.22,high,
MAT037,Mercury,quicksilver,material,Things,F1.11;F1.7;F1.8,EU-IBE;AM-AND;AS-CHN,-1000,,approximate; Almadén (Spain); Huancavelica (Peru) from 1560s,"Liquid metal used in fire gilding, silver amalgamation and mirrors, mined at Almadén and Huancavelica at great human cost.",distillation from cinnabar; amalgamation,mirrors; gilt objects,exchange and value,historians,Huancavelica mita workers' poisoning.,human-flow,UNESCO World Heritage / Intangible Cultural Heritage pages (link out); Wikimedia Commons,R3,F1.22;F1.23,medium,
MAT038,Glass (soda-lime and plant-ash),natron glass; forest glass,material,Things,THEME;F1.9a,WA-MES;AF-EGY;WA-LEV;EU-WCE,-2500,,glass beads in Mesopotamia c.2500 BCE; vessels c.1500 BCE,"Silica melted with a flux (natron, plant ash or potash) and lime makes glass, one of the earliest synthetic materials.",core-forming; blowing; casting,vessels; beads; windows,food and storage;clothing and adornment;shelter,archaeometrists,,none,Met Open Access (CC0); Cleveland Museum of Art Open Access (CC0); Wikimedia Commons,R3,F1.5,high,
MAT039,Ochre,red ochre; yellow ochre; haematite,material,Things,THEME;F1.6;F1.12,AF-SOU;OC-AUS;GL,-300000,,ochre use c.300 ka; processing kits c.100 ka,"Iron-oxide earths ground into red and yellow pigment, used for body paint, rock art, burial and hide processing.",grinding; heating to redden,pigment; rock art; burials,ritual and belief;clothing and adornment,archaeologists,,sacred;Indigenous-community,Wikimedia Commons; open-access journal articles,R3,F1.16,high,
MAT040,Carbon black,soot; lampblack; charcoal black,material,Things,THEME,GL,,,used since the Palaeolithic,"Soot and charcoal, the base of rock art, inks and lacquers.",burning; binding,ink; paint,record and writing,—,,none,Wikimedia Commons,R3,,high,
MAT041,Indigo,Indigofera; woad; Polygonum tinctorium,material,Things,THEME;F1.9;F1.6;F1.7,AS-SAS;AF-GUI;AF-SAH;AM-AND;AM-EWD;AS-JPN;EU-WCE,-4200,,"Huaca Prieta, Peru c.6,200 years ago; Indigofera in South Asia; woad in Europe; synthetic from 1897","The world's main blue dye, extracted from several plants, grown on plantations in Bengal and South Carolina and displaced by synthetic indigo.",vat dyeing; fermentation,indigo cloth; adire; aizome,clothing and adornment;exchange and value,historians,Enslaved indigo growers in South Carolina; Bengal ryots (Indigo revolt 1859–60).,human-flow,Met Open Access (CC0); ColBase Japan national museums (Japan Government Standard Terms); Library of Congress (public-domain items); Wikimedia Commons,R1,F1.13;F1.22;F1.23,high,
MAT042,Madder,alizarin; Rubia,material,Things,F1.9;F1.10;F1.11,AS-SAS;WA-ANA;WA-IRN;EU-WCE,-2500,,Mohenjo-daro madder-dyed cotton (as usually cited); synthetic alizarin 1869,Root of Rubia species gives mordant reds from Indian chintz to Turkey red.,mordant dyeing,chintz; carpets; Turkey red,clothing and adornment,historians,,none,Met Open Access (CC0); Wikimedia Commons,R3,,medium,
MAT043,Cochineal,carmine; grana,material,Things,F1.7,AM-MES;AM-AND;AM-LAT,-500,,Andean textiles first millennium BCE; New Spain export from 1520s,"A scale insect farmed on nopal, giving crimson and carmine that became a major Spanish colonial export.",insect farming; mordant dyeing; lake pigments,textiles; paintings,clothing and adornment;exchange and value,historians,Mixtec and Zapotec producers.,Indigenous-community,Met Open Access (CC0); Cleveland Museum of Art Open Access (CC0); Wikimedia Commons,R2,F1.13,medium,
MAT044,Tyrian purple,royal purple; murex,material,Things,F1.9a;F1.11,WA-LEV;EU-GRR,-1800,,Minoan Crete c.18th c. BCE; Levantine production,"Dye from murex snails, costly because thousands of snails were needed for one garment.",vat dyeing,purple cloth,rule and display,historians,,none,Wikimedia Commons; open-access journal articles,R3,,high,
MAT045,Lac,lac dye; shellac; lacquer resin (lac),material,Things,F1.9;F1.8,AS-SAS;AS-MSE,,,long-standing in South and Southeast Asia; shellac for 78 rpm records 1890s–1950s,"Secretions of the lac insect give a red dye and shellac resin used for varnish, bangles, sealing wax and gramophone records.",resin processing; dye extraction,bangles; varnish; records,clothing and adornment;play and music,historians,,none,Wikimedia Commons,R3,F1.4;F1.13,high,
MAT046,Saffron,Crocus sativus,material,Things,F1.9a;F1.9;F1.11,EU-GRR;WA-IRN;AS-SAS,-1600,,Akrotiri 'saffron gatherers' fresco c.1600 BCE,"Hand-picked crocus stigmas yield a costly yellow dye, pigment and spice.",hand harvesting; infusion,dyed cloth; manuscripts,clothing and adornment;food and storage,historians,,none,Wikimedia Commons,R3,,medium,
MAT047,Maya blue,Maya blue,material,Things,F1.7,AM-MES,300,,Classic Maya; earlier claims from c.300 BCE,"Indigo bound into palygorskite clay by heating makes a stable blue used on murals, sculpture and sacrificial offerings.",heating indigo with palygorskite,murals; painted vessels,ritual and belief,conservation scientists,,sacred,Wikimedia Commons; open-access journal articles,R3,F1.5,medium,
MAT048,Ultramarine,natural ultramarine,material,Things,F1.12a;F1.11;F1.10,AS-CEN;EU-WCE,500,,Bamiyan murals c.6th–7th c.; European painting from 14th c.; synthetic 1826–28,"Blue pigment extracted from lapis lazuli by kneading with wax and lye, costlier than gold in Renaissance Europe.",pigment extraction,paintings; manuscripts,ritual and belief;rule and display,conservation scientists,,none,National Gallery of Art Washington Open Access (CC0); Wikimedia Commons,R3,F1.13,high,
MAT049,Vermilion and cinnabar,mercuric sulphide,material,Things,F1.8;F1.11;F1.9a,AS-CHN;EU-IBE;WA-ANA,-7000,,cinnabar at Çatalhöyük c.7th millennium BCE; Chinese lacquer and seals; Almadén,"Mercury sulphide ground or synthesised into a brilliant red for lacquer, seals, murals and tombs.",grinding; dry-process synthesis,lacquer; seal paste; murals,ritual and belief;record and writing,conservation scientists,Toxic to workers.,funerary,Wikimedia Commons,R3,F1.23,medium,
MAT050,Orpiment,arsenic sulphide yellow,material,Things,F1.6;F1.8;F1.10,AF-EGY;AS-CHN;WA-IRN,,,"ancient; used in Egyptian, Chinese and Persianate painting",A toxic arsenic sulphide ground into a bright yellow pigment.,grinding,manuscripts; paintings,record and writing,conservation scientists,Toxic.,none,Wikimedia Commons,R3,F1.23,medium,
MAT051,Egyptian blue,calcium copper silicate,material,Things,F1.6;F1.11,AF-EGY;EU-GRR,-3200,,early dynastic Egypt c.3200 BCE; Roman,"The first known synthetic pigment, made by heating sand, copper, lime and natron.",firing; grinding,wall paintings; amulets,ritual and belief,conservation scientists,,funerary,Met Open Access (CC0); Wikimedia Commons,R3,F1.5,high,
MAT052,Lead white,white lead; ceruse,material,Things,F1.11;F1.8,EU-GRR;EU-BLC;AS-CHN,-400,,Greek and Roman; stack process in Netherlands 17th c.,"Lead corroded by vinegar vapour made the main white paint and cosmetic, poisoning workers and wearers.",stack process,paint; cosmetics,rule and display;clothing and adornment,conservation scientists,Worker poisoning.,none,Wikimedia Commons,R3,F1.23,high,
MAT053,Malachite and azurite,copper carbonate pigments; iwa-enogu,material,Things,F1.6;F1.8;F1.11,AF-EGY;AS-CHN;AS-JPN;EU-WCE,-4000,,malachite eye paint in Badarian Egypt c.4000 BCE,"Ground copper minerals gave greens and blues for eye paint, East Asian painting and European panels.",grinding; levigation,cosmetics; paintings,clothing and adornment;ritual and belief,conservation scientists,,funerary,Wikimedia Commons,R3,,medium,
MAT054,Prussian blue,Berlin blue; bero-ai,material,Things,F1.11;F1.8,EU-WCE;AS-JPN,1706,,Berlin c.1706; imported to Japan from 1820s,An early synthetic pigment that reached Japan and coloured Hokusai's Great Wave.,synthesis,prints; paintings; blueprints,record and writing,chemists; historians,,none,Met Open Access (CC0); Art Institute of Chicago (CC0 images); Wikimedia Commons,R3,F1.13,high,
MAT055,Synthetic aniline dyes,mauveine; synthetic alizarin; synthetic indigo,material,Things,F1.11,EU-BLC;EU-WCE,1856,,mauveine 1856; alizarin 1869; indigo 1897,Coal-tar dyes gave new colours and undercut natural dye economies in India and elsewhere.,chemical synthesis,textiles,clothing and adornment,chemists; patents,Collapse of natural indigo livelihoods.,none,Wikimedia Commons; Google Patents / national patent offices (public documents),R3,F1.19;F1.22,high,
MAT056,Cotton,Gossypium,material,Things,THEME;F1.9;F1.7;F1.6,AS-SAS;AM-AND;AM-MES;AF-NUB;AM-EWD,-5000,,cotton fibres at Mehrgarh c.6th–5th millennium BCE; Andean cotton c.4000 BCE; domesticated independently in the Old and New Worlds,A seed fibre domesticated at least twice; Indian cottons then American slave-grown cotton organised much of the world economy.,ginning; spinning; weaving; dyeing,chintz; muslin; cloth; armour,clothing and adornment;exchange and value,botanists; historians,Enslaved and indentured growers.,human-flow,Met Open Access (CC0); Rijksmuseum (public-domain images); Library of Congress (public-domain items); Wikimedia Commons,R1,F1.13;F1.18;F1.23,high,
MAT057,Flax and linen,linen,material,Things,F1.6;F1.9a;F1.11,AF-EGY;WA-LEV;WA-CAU;EU-WCE;EU-BLC,-30000,,dyed wild flax fibres at Dzudzuana c.30 ka (contested); linen at Nahal Hemar c.6500 BCE,"Bast fibre from flax stems, spun and woven into linen, the main cloth of ancient Egypt and much of Europe.",retting; spinning; weaving,mummy wrappings; shirts; sails,clothing and adornment;ritual and belief,botanists; archaeologists,,funerary,Met Open Access (CC0); Wikimedia Commons,R3,F1.18,medium,
MAT058,Wool,sheep wool,material,Things,THEME;F1.9a;F1.11;F1.12a;F1.7,WA-MES;WA-IRN;EU-BLC;AS-CEN;AM-WST,-4000,,woolly sheep and wool textiles c.4th millennium BCE; approximate,"Sheep fleece spun and felted into cloth, carpets and tents; medieval English wool drove Flemish and Italian cloth industries.",shearing; spinning; felting; fulling,carpets; felts; broadcloth; Navajo blankets,clothing and adornment;shelter,historians,,none,Met Open Access (CC0); Wikimedia Commons,R3,F1.18,medium,
MAT059,Silk,mulberry silk; Bombyx mori,material,Things,F1.8;F1.12a;F1.10,AS-CHN;AS-CEN;WA-IRN;EU-BYZ,-3000,,silk fabric at Qianshanyang c.2700 BCE; earlier traces claimed,"Continuous filament from domesticated silkworms, woven into the damasks and brocades exchanged across Eurasia.",reeling; throwing; weaving; embroidery,robes; banners; brocades,clothing and adornment;rule and display;exchange and value,historians,,none,Met Open Access (CC0); National Palace Museum Taipei Open Data; Cleveland Museum of Art Open Access (CC0),R1,F1.13;F1.18,high,
MAT060,Wild silks,tussar; eri; muga; landibe; Coan silk,material,Things,F1.9;F1.6;F1.11,AS-SAS;AF-MAD;EU-GRR,-2450,,Harappan wild silk fibres c.2450–2000 BCE (Good et al. 2009); Malagasy landibe; Greek Coan silk,"Silks from undomesticated moths, spun rather than reeled, used in India, Madagascar and the ancient Aegean.",degumming; spinning,saris; lamba akotifahana,clothing and adornment;ritual and belief,archaeologists; makers,,living-community;funerary,Met Open Access (CC0); Wikimedia Commons,R3,F1.18,medium,
MAT061,Hemp,Cannabis sativa fibre; sambe,material,Things,F1.8;F1.11,AS-CHN;AS-KOR;EU-WCE,-4000,,approximate; China Neolithic; Korean sambe; European rope and sailcloth,"A strong bast fibre used for cloth, rope, sails and paper.",retting; spinning,rope; sailcloth; mourning clothes,clothing and adornment;transport,botanists,,none,Wikimedia Commons,R3,,medium,
MAT062,Ramie,choma; China grass,material,Things,F1.8;F1.9,AS-CHN;AS-JPN;AS-KOR,-3000,,approximate; Echigo-jōfu and Ojiya-chijimi (UNESCO 2009),"A lustrous nettle-family bast fibre woven into fine summer cloth in China, Korea and Japan.",stripping; hand splicing; weaving,summer kimono; mosi,clothing and adornment,botanists; makers,,living-community,ColBase Japan national museums (Japan Government Standard Terms); Wikimedia Commons,R3,F1.18,low,Earliest date uncertain; ramie is among the bast fibres identified at waterlogged Neolithic sites in southern China (c. 6000–3500 BCE); start kept approximate.
MAT063,Jute,jute,material,Things,F1.9;F1.11,AS-SAS;EU-BLC,1830,,mechanised Dundee jute industry from 1830s; long used in Bengal,"A coarse bast fibre from Bengal, mechanically spun in Dundee and Calcutta into sacking for global commodity trade.",retting; mechanised spinning,gunny sacks; hessian,food and storage;transport,historians,Bengali growers and mill workers.,none,Wikimedia Commons,R3,F1.19;F1.23,high,
MAT064,Camelid fibre,alpaca; llama; vicuña,material,Things,F1.7,AM-AND,-3000,,approximate; Inca cumbi cloth; ongoing,"Soft fleece of Andean camelids was woven into cumbi cloth, the most valued Inca goods.",spinning; tapestry weaving,tunics; mantles,clothing and adornment;rule and display,makers; historians,,Indigenous-community;living-community,Met Open Access (CC0); Wikimedia Commons,R3,F1.18,medium,
MAT065,Qiviut,muskox wool,material,Things,F1.7,AM-ARC,1969,,Oomingmak cooperative from 1969; earlier Indigenous use,"The fine underwool of muskoxen, gathered and knitted by Alaska Native knitters.",combing; knitting,scarves; caps,clothing and adornment,makers,,Indigenous-community;living-community,Wikimedia Commons,R3,F1.18,medium,
MAT066,Agave fibre,maguey; ixtle; henequen; sisal,material,Things,F1.7,AM-MES;AM-LAT,-7000,,early Holocene cordage; Yucatán henequen boom late 19th–early 20th c.,Agave leaf fibre made Mesoamerican cloth and cordage; henequen plantations in Yucatán used Maya debt labour.,decorticating; spinning,cloaks (ayate); rope; bags,clothing and adornment;tools,botanists; historians,Maya debt peonage.,human-flow,Wikimedia Commons,R3,F1.22;F1.23,medium,
MAT067,Raffia,Raphia palm fibre,material,Things,F1.6,AF-CEN;AF-GUI;AF-MAD,,,long-standing,"Palm-leaf fibre woven on single-heddle looms into Kongo and Kuba cloth, once used as currency.",stripping; weaving; embroidery,Kuba cloth; mats,clothing and adornment;exchange and value,makers,,living-community,Met Open Access (CC0); British Museum EMKP (CC),R3,F1.18,high,
MAT068,Barkcloth fibre,paper mulberry; fig bark,material,Things,F1.12;F1.6;F1.9,OC-POL;AF-SWA;AS-ISE,,,long-standing,"Inner bark of paper mulberry and figs, carried across the Pacific by voyagers, beaten into tapa.",beating; felting,tapa; barkcloth,clothing and adornment;exchange and value,botanists; makers,,living-community,Te Papa Collections Online (CC BY where marked; otherwise link out); Auckland Museum Online Collection (CC BY where marked),R3,F1.13,high,
MAT069,Coir,coconut fibre; sennit,material,Things,F1.9;F1.12,AS-SAS;AF-MAD;OC-POL,,,long-standing,"Fibre from coconut husk, plaited into sennit for lashing Pacific canoes and houses and stitching sewn boats.",retting; plaiting,sennit; rope,transport;shelter,makers,,living-community,Wikimedia Commons,R3,F1.13,high,
MAT070,Pandanus,screwpine leaf,material,Things,F1.12;F1.9,OC-POL;OC-MIC;AS-ISE,,,long-standing,"Pandanus leaves are processed into strips and plaited into mats, sails and baskets.",boiling; stripping; plaiting,fine mats; sails,shelter;exchange and value,makers,,living-community,Auckland Museum Online Collection (CC BY where marked); Te Papa Collections Online (CC BY where marked; otherwise link out),R3,F1.18,high,
MAT071,Abaca,Manila hemp,material,Things,F1.9,AS-ISE,,,long-standing; export boom 19th c.,Banana-family fibre woven into T'boli t'nalak and exported as Manila rope and paper.,stripping; ikat; weaving,t'nalak; rope,clothing and adornment;transport,makers; historians,,living-community,Wikimedia Commons,R3,F1.13,high,
MAT072,Piña,pineapple leaf fibre,material,Things,F1.9,AS-ISE,1700,,approximate; prized in the 18th–19th c.; ongoing in Aklan,Fine pineapple-leaf fibre woven into translucent cloth for the barong and embroidered textiles.,scraping; knotting; weaving,barong; panuelos,clothing and adornment,makers,,living-community,Met Open Access (CC0); Wikimedia Commons,R3,F1.18,medium,
MAT073,Harakeke,New Zealand flax; Phormium tenax,material,Things,F1.12,OC-POL,1300,,Māori use from settlement; 19th-c. export flax trade,Leaves provide muka fibre for cloaks and strips for plaiting; 19th-c. traders exchanged muskets for it.,scraping; plaiting; whatu,kākahu; kete,clothing and adornment;food and storage,Māori makers,,Indigenous-community;living-community,Te Papa Collections Online (CC BY where marked; otherwise link out); Auckland Museum Online Collection (CC BY where marked),R3,F1.18,high,
MAT074,Elephant ivory,ivory,material,Things,THEME;F1.6;F1.8;F1.11,AF-SWA;AF-CEN;AF-GUI;AS-SAS,,,long-standing; CITES trade ban 1989,"Tusks carved into figures, oliphants, combs and piano keys; demand drove killing and forced porterage.",carving; turning,oliphants; saltcellars; figures,rule and display;play and music;ritual and belief,—,Enslaved porters; Benin ivories looted 1897.,human-flow;conflict-looting,Met Open Access (CC0); Walters Art Museum (CC0); Cleveland Museum of Art Open Access (CC0),R2,F1.13;F1.22;F1.24,high,
MAT075,Walrus ivory,morse ivory,material,Things,F1.7;F1.11,AM-ARC;EU-SCA;AS-NTH,,,Arctic use ancient; Norse Greenland export 11th–14th c.,"Walrus tusk was carved by Arctic peoples and exported from Norse Greenland to Europe, as in the Lewis chessmen.",carving; engraving,chess pieces; harpoon heads; figures,tools;play and music;ritual and belief,archaeologists,,Indigenous-community,Met Open Access (CC0); Wikimedia Commons,R3,F1.13,high,
MAT076,Bone,bone,material,Things,THEME,GL,,,since the Palaeolithic,"Bone was split and carved into needles, points, flutes and handles.",splitting; grinding; carving,needles; flutes; harpoons,tools;play and music,—,,funerary,Met Open Access (CC0); Wikimedia Commons,R3,,high,
MAT077,Antler,antler,material,Things,F1.11;F1.12a,EU-WCE;EU-SCA;AS-NTH,,,since the Palaeolithic,"Shed deer and reindeer antler, softened by soaking, was made into points, combs and spear-throwers.",soaking; grooving; carving,combs; points; spear-throwers,tools;clothing and adornment,archaeologists,,none,Met Open Access (CC0); Wikimedia Commons,R3,,high,
MAT078,Horn,horn,material,Things,THEME,GL,,,long-standing,"Horn keratin can be heated, flattened and moulded into cups, spoons, lantern panes and bow laminates.",heating; pressing,cups; spoons; bows,food and storage;war,—,,none,Met Open Access (CC0); Wikimedia Commons,R3,,high,
MAT079,Tortoiseshell,hawksbill shell; bekko,material,Things,F1.7;F1.12;F1.8;F1.11,AM-CAR;OC-MEL;AS-JPN,,,long-standing; CITES 1977,"Hawksbill turtle shell, heat-welded into combs, boxes and inlay, drove turtle hunting from the Caribbean to the Pacific.",heat fusing; inlay,combs; boxes; Boulle inlay,clothing and adornment,historians,,none,Met Open Access (CC0); Wikimedia Commons,R3,F1.22,high,
MAT080,Spondylus,mullu; thorny oyster,material,Things,F1.7;F1.11,AM-AND;EU-GRR,-5500,,Aegean Neolithic c.5500 BCE; Andes c.2500 BCE onward,Red and orange Spondylus shell was a valuable carried inland in Neolithic Europe and the Andes.,cutting; grinding,beads; bracelets; offerings,ritual and belief;exchange and value,archaeologists,,sacred,Met Open Access (CC0); Wikimedia Commons,R3,F1.13,high,
MAT081,Cowrie,Monetaria moneta; money cowrie,material,Things,F1.6;F1.9;F1.8,AF-MAD;AF-GUI;AS-SAS;AS-CHN,-1200,,Shang China c.1200 BCE; Maldivian exports into 19th c.,Small Indian Ocean shells used as money and ornament from China to West Africa.,stringing; sewing,money strings; headdresses,exchange and value;clothing and adornment,historians,,human-flow,Met Open Access (CC0); British Museum EMKP (CC),R3,F1.13,high,
MAT082,Conch shell,shankha; Turbinella pyrum,material,Things,F1.9,AS-SAS,-2600,,Harappan shell bangles; ongoing in Bengal,Sacred chank shell from the Gulf of Mannar was sawn into bangles and made into trumpets.,sawing; engraving,bangles; trumpets,ritual and belief;clothing and adornment;play and music,makers,,sacred;living-community,Met Open Access (CC0); Wikimedia Commons,R3,,high,
MAT083,Pearl and mother-of-pearl,nacre,material,Things,F1.10;F1.7;F1.8;F1.12,WA-ARB;AS-SAS;AM-CAR;AS-KOR;OC-POL,,,Gulf pearling ancient to 1930s; Caribbean pearl fisheries with enslaved divers 16th c.,"Pearls and shell nacre were set, inlaid and carved; pearl diving in the Gulf and Caribbean was dangerous forced or bonded work.",diving; inlay; carving,necklaces; najeon inlay; fishhooks,rule and display;clothing and adornment,historians,Enslaved Indigenous and African divers; debt-bonded Gulf divers.,human-flow,Met Open Access (CC0); National Museum of Korea e-museum (KOGL Type 1 where marked); Qatar Digital Library (licence per item; check),R3,F1.13;F1.22;F1.23,high,
MAT084,Feathers,plumage,material,Things,F1.7;F1.12,AM-AND;AM-MES;AM-AMZ;OC-POL;OC-MEL,,,long-standing; 19th-c. plume trade,Feathers were knotted into cloaks and mosaics; 19th-c. fashion plume hunting prompted bird-protection law.,knotting; gluing,cloaks; headdresses; hats,rule and display;ritual and belief,—,,sacred;Indigenous-community,Met Open Access (CC0); Te Papa Collections Online (CC BY where marked; otherwise link out); Wikimedia Commons,R3,F1.22,high,
MAT085,Leather,tanned hide,material,Things,THEME,GL,,,long-standing,"Tanned animal skin used for footwear, containers, armour and bookbinding.",tanning; tooling; moulding,shoes; bags; bindings,clothing and adornment;transport,—,,none,Met Open Access (CC0); Wikimedia Commons,R3,,high,
MAT086,Rawhide,untanned hide,material,Things,F1.7;F1.6,AM-WST;AF-SAH,,,long-standing,"Untanned hide dries rigid and was used for cases, drums, shields and lashing.",stretching; drying,parfleches; drums; shields,food and storage;play and music;war,—,,Indigenous-community,Smithsonian NMNH Anthropology via Smithsonian Open Access (CC0 where marked); Wikimedia Commons,R3,,high,
MAT087,Fish skin,fish leather,material,Things,F1.12a;F1.8;F1.7,AS-NTH;AS-JPN;AM-ARC,,,long-standing,"Salmon and carp skin prepared as supple leather for clothing and bags in Amur, Ainu and Alaskan communities.",scraping; softening,coats; bags,clothing and adornment,makers,,Indigenous-community;living-community,Smithsonian NMNH Anthropology via Smithsonian Open Access (CC0 where marked); Wikimedia Commons,R3,F1.22,high,
MAT088,Sinew,tendon fibre,material,Things,THEME,AM-ARC;AM-WST;AS-CEN,,,long-standing,Dried tendon split into thread for sewing and used as backing on composite bows.,splitting; twisting,thread; bow backing,clothing and adornment;war,—,,none,Wikimedia Commons,R3,,high,
MAT089,Beeswax,wax,material,Things,THEME,GL,-7000,,beeswax residues on Anatolian pots c.7th millennium BCE,"Wax for lost-wax casting, batik resist, encaustic, candles and sealing.",modelling; resist,casting models; candles,ritual and belief;tools,archaeologists,,none,Wikimedia Commons,R3,,high,
MAT090,Ostrich eggshell,OES,material,Things,F1.6,AF-SWA;AF-SOU,-60000,,engraved water containers at Diepkloof c.60 ka; beads c.50 ka,Ostrich eggshell was engraved as water flasks and ground into beads in southern and eastern Africa.,engraving; drilling,flasks; beads,food and storage;clothing and adornment,archaeologists,,living-community,Wikimedia Commons; open-access journal articles,R3,,high,
MAT091,Baleen and whale bone,whalebone,material,Things,F1.7;F1.11,AM-ARC;AM-NWC;EU-BLC,,,Arctic use ancient; commercial whaling 17th–20th c.,Baleen's springy plates were used by Arctic peoples for baskets and by industrial whalers' customers for corsets.,splitting; weaving,baskets; corset stays,clothing and adornment;food and storage,—,,Indigenous-community,Smithsonian NMNH Anthropology via Smithsonian Open Access (CC0 where marked); Wikimedia Commons,R3,F1.22,high,
MAT092,Dentalium shell,tusk shell; hiaqua,material,Things,F1.7,AM-NWC;AM-WST,,,long-standing,Tusk shells from Vancouver Island waters circulated as money and adornment across western North America.,stringing,necklaces; earrings,exchange and value;clothing and adornment,anthropologists,,Indigenous-community,Smithsonian NMNH Anthropology via Smithsonian Open Access (CC0 where marked); Wikimedia Commons,R3,F1.13,high,
MAT093,Bamboo,bamboo,material,Things,F1.8;F1.9,AS-CHN;AS-JPN;AS-MSE;AS-ISE;AS-SAS,,,long-standing,"A fast-growing grass used for building, slips, baskets, instruments and furniture.",splitting; weaving; bending,slips; baskets; flutes; scaffolding,shelter;record and writing;play and music,—,,none,Met Open Access (CC0); ColBase Japan national museums (Japan Government Standard Terms),R3,F1.22,high,
MAT094,Rattan,cane,material,Things,F1.9;F1.11,AS-ISE;AS-MSE,,,long-standing; export boom 19th c.,Climbing-palm stems from Southeast Asian forests were split and woven into furniture and basketry.,splitting; weaving,chairs; baskets,shelter,—,,none,Wikimedia Commons,R3,F1.13,high,
MAT095,Teak,Tectona grandis,material,Things,F1.9;F1.10,AS-SAS;AS-MSE,,,long-standing; colonial forestry 19th c.,"A durable, oily hardwood used for dhows, houses and colonial ships, extracted with elephant labour in Burma.",sawing; joinery,ships; houses; furniture,transport;shelter,foresters; historians,,none,Wikimedia Commons,R3,F1.22,high,
MAT096,Western red cedar,Thuja plicata,material,Things,F1.7,AM-NWC,,,long-standing,"Northwest Coast peoples split planks, bent boxes, carved poles and wove bark from red cedar.",splitting; steaming; carving; bark weaving,poles; canoes; boxes; hats,shelter;transport;ritual and belief,makers,,Indigenous-community;living-community,Smithsonian NMNH Anthropology via Smithsonian Open Access (CC0 where marked); Wikimedia Commons,R3,F1.29,high,
MAT097,Ebony,Diospyros,material,Things,F1.6;F1.9;F1.11,AF-CEN;AF-NUB;AS-SAS,-2500,,Egyptian imports from Nubia and Punt; 17th-c. French ébénistes,Dense black heartwood imported for Egyptian furniture and later veneered by Paris ébénistes.,carving; veneer,furniture; inlay; figures,rule and display;play and music,—,,none,Met Open Access (CC0); Wikimedia Commons,R3,F1.13;F1.22,high,
MAT098,Mahogany,Swietenia,material,Things,F1.7;F1.11,AM-CAR;AM-CAM,1720,,major European demand from 1720s,"Caribbean and Central American mahogany, felled by enslaved woodcutters, became the prestige furniture wood of Georgian Britain.",sawing; carving; veneer,chairs; tables; cabinets,shelter;rule and display,historians (Jennifer Anderson),,human-flow,Met Open Access (CC0); Wikimedia Commons,R3,F1.22;F1.23,high,
MAT099,Natural rubber,latex; caoutchouc,material,Things,F1.7;F1.6;F1.9,AM-MES;AM-AMZ;AF-CEN;AS-MSE;AS-ISE,-1600,,Mesoamerican rubber balls c.1600 BCE; Amazon and Congo booms 1879–1912; plantations in Southeast Asia from c.1900,"Latex from Castilla and Hevea trees, processed first in Mesoamerica, became a global industrial material extracted under coercion.",tapping; mixing; vulcanisation,balls; tyres; waterproofs,play and music;transport,historians,Congolese and Amazonian forced labour; Tamil plantation workers.,human-flow;conflict-looting,Library of Congress (public-domain items); Wikimedia Commons,R1,F1.22;F1.23;F1.13,high,
MAT100,Gutta-percha,Palaquium gum,material,Things,F1.9;F1.11,AS-ISE;AS-MSE,1843,,brought to European notice 1843; submarine telegraph cables from 1850s,"Malayan tree latex, mouldable when warm, insulated the first undersea telegraph cables and depleted forests.",moulding; insulating,cable insulation; golf balls; mourning jewellery,record and writing;play and music,historians,,none,Wikimedia Commons,R3,F1.22;F1.13,high,
MAT101,Gourd,calabash; Lagenaria,material,Things,THEME;F1.6;F1.7,AF-GUI;AF-SAH;AM-AND;OC-POL,,,one of the earliest domesticated plants; long-standing,"Hard-shelled fruit used as vessels, instruments and floats and decorated by carving and pyrography.",drying; carving; pyrography,bowls; instruments; floats,food and storage;play and music,—,,living-community,Met Open Access (CC0); Wikimedia Commons,R3,,high,
MAT102,Birch bark,birchbark,material,Things,F1.7;F1.11;F1.12a,AM-EWD;EU-EER;EU-SCA;AS-NTH,,,long-standing,"Waterproof, flexible bark sewn into canoes and containers and used as a writing surface.",peeling; sewing; scraping,canoes; containers; letters,transport;food and storage;record and writing,—,,Indigenous-community,Smithsonian NMNH Anthropology via Smithsonian Open Access (CC0 where marked); Wikimedia Commons,R3,,high,
MAT103,Palm leaf,olai; lontar,material,Things,F1.9,AS-SAS;AS-MSE;AS-ISE,,,long-standing,Talipot and palmyra leaves were processed into manuscript folios and thatch.,boiling; drying; incising,manuscripts; thatch,record and writing;shelter,—,,sacred,Wikimedia Commons; British Library (public-domain digitised items),R3,,high,
MAT104,Papyrus,Cyperus papyrus,material,Things,F1.6,AF-EGY,-3000,,c.3000 BCE,"A Nile sedge made into writing sheets, boats, sandals and rope.",slicing; pressing; bundling,rolls; boats; sandals,record and writing;transport,—,,none,Met Open Access (CC0); Wikimedia Commons,R3,,high,
MAT105,Paper,paper,material,Things,THEME;F1.8;F1.10,AS-CHN;AS-CEN;WA-MES;EU-WCE,-200,,c.2nd c. BCE in China,"A felted sheet of plant fibre that carried writing, printing, wrapping, windows and money.",pulping; forming; sizing,books; screens; money,record and writing;shelter;exchange and value,—,,none,National Palace Museum Taipei Open Data; Wikimedia Commons; Gallica BnF (public-domain items),R3,F1.13,high,
MAT106,Lacquer sap,urushi; qi,material,Things,F1.8;F1.9,AS-CHN;AS-JPN;AS-MSE,-6000,,c.6000 BCE (Kuahuqiao),"Sap of Toxicodendron and related trees, cured in humidity to a hard waterproof film.",tapping; filtering; layering,bowls; boxes; armour,food and storage;rule and display,—,Skin reactions for tappers and lacquerers.,none,Met Open Access (CC0); ColBase Japan national museums (Japan Government Standard Terms),R3,,high,
MAT107,Gum arabic,Acacia gum,material,Things,F1.6;F1.10,AF-SAH;AF-NUB,,,long-standing; major Atlantic trade from Senegal 17th–19th c.,Acacia gum from the Sahel bound watercolours and inks and sized textiles; Europeans competed for the Senegal gum trade.,tapping; dissolving,inks; paints,record and writing;exchange and value,historians,,none,Wikimedia Commons,R3,F1.13,medium,
MAT108,Bitumen,asphalt; pitch,material,Things,F1.9a,WA-MES;WA-LEV;WA-IRN,-5500,,bitumen-coated reed boats c.5500 BCE (As-Sabiyah),"Natural bitumen waterproofed boats, set inlays and held mosaics in Mesopotamia.",heating; mixing with mineral filler,boat caulking; inlay adhesive,transport;shelter,archaeologists,,none,Met Open Access (CC0); Wikimedia Commons,R3,,high,
MAT109,Sandalwood,Santalum,material,Things,F1.9;F1.12,AS-SAS;OC-MEL;OC-POL;AS-ISE,,,long-standing in India; Pacific sandalwood trade c.1790s–1840s,Fragrant wood carved into boxes and images; the Pacific sandalwood rush stripped Fiji and Hawaiʻi forests for the China market.,carving,boxes; images; incense,ritual and belief,historians,,none,Met Open Access (CC0); Wikimedia Commons,R3,F1.22;F1.13,high,
MAT110,Frankincense and myrrh,olibanum; Boswellia; Commiphora,material,Things,F1.9a;F1.6,WA-ARB;AF-HRN,-1500,,approximate; Egyptian Punt expeditions; South Arabian trade,"Aromatic tree resins tapped in Dhofar and the Horn, burned in temples and used in embalming.",tapping; drying,incense,ritual and belief;exchange and value,historians; UNESCO (Land of Frankincense),,sacred,Wikimedia Commons; UNESCO World Heritage / Intangible Cultural Heritage pages (link out),R3,F1.13;F1.16,medium,
MAT111,Copal,pom; copalli,material,Things,F1.7,AM-MES,,,long-standing; ongoing,Tree resin burned as incense in Mesoamerican ritual and deposited as offerings.,tapping; moulding,incense; offerings,ritual and belief,makers,,sacred;living-community,Wikimedia Commons,R3,F1.16,high,
MAT112,Celluloid,Parkesine; Xylonite,material,Things,F1.7;F1.11,AM-EWD;EU-BLC,1870,,Parkesine 1862; celluloid patented by the Hyatts 1870,A semi-synthetic plastic that imitated ivory and tortoiseshell and made film stock.,moulding; film casting,combs; film; collars,clothing and adornment;play and music,patents,Flammability killed workers and audiences.,none,Google Patents / national patent offices (public documents); Wikimedia Commons,R3,F1.14;F1.4,high,
MAT113,Bakelite,phenol-formaldehyde resin,material,Things,F1.7,AM-EWD,1907,,Leo Baekeland 1907,"The first fully synthetic plastic, moulded into radios, telephones and jewellery.",compression moulding,radios; telephones; jewellery,record and writing;clothing and adornment,patents,,none,Google Patents / national patent offices (public documents); Cooper Hewitt via Smithsonian Open Access (CC0 where marked); Wikimedia Commons,R3,F1.20;F1.21,high,
MAT114,Commodity plastics,polyethylene; PVC; polystyrene; polypropylene,material,Things,THEME,GL,1933,,polyethylene 1933; mass consumer use after 1945,Cheap petroleum-based polymers made disposable goods and packaging possible and now pollute oceans.,injection moulding; extrusion; blow moulding,packaging; toys; furniture,food and storage;play and music,chemists; industry,Waste and pollution borne by the Global South.,none,Wikimedia Commons; Cooper Hewitt via Smithsonian Open Access (CC0 where marked),R3,F1.21;F1.22,high,
MAT115,Plywood,laminated wood,material,Things,F1.11;F1.7,EU-SCA;EU-EER;AM-WST,1850,,patents from mid-19th c.; industrial boom 1900s–1940s,"Cross-laminated veneers make stable sheets, moulded by Aalto and the Eameses into furniture.",lamination; moulding,chairs; aircraft; splints,shelter;care and access;war,patents; design historians,,none,MoMA collection (link out; metadata CC0); Wikimedia Commons,R3,F1.20,medium,
MAT116,Tubular steel,bent steel tube,material,Things,F1.11,EU-WCE,1925,,Marcel Breuer's club chair 1925–26,"Bent seamless steel tube, borrowed from bicycles, became the material of modernist furniture.",tube bending; chrome plating,cantilever chairs,shelter,design historians,"Attribution disputes (Stam, Breuer, Mies).",none,MoMA collection (link out; metadata CC0); Wikimedia Commons,R3,F1.20;F1.26,high,
MAT117,Portland cement concrete,concrete,material,Things,THEME,EU-BLC;GL,1824,,Joseph Aspdin patent 1824,Hydraulic cement with aggregate became the most used building material in the world and a major carbon emitter.,casting; formwork,buildings; dams; roads,shelter;transport,patents; engineers,,none,Google Patents / national patent offices (public documents); Wikimedia Commons,R3,F1.22,high,
MAT118,Reinforced concrete (material),ferroconcrete,material,Things,THEME,EU-WCE;GL,1867,,Monier 1867,"Steel-reinforced concrete enabled frames, shells and mass housing worldwide.",rebar; casting,frames; shells,shelter,engineers,,none,Wikimedia Commons,R3,F1.20;F1.22,high,
MAT119,Glass curtain wall,curtain wall,material,Things,THEME;F1.11;F1.7,EU-WCE;AM-EWD,1911,,Crystal Palace 1851 as precursor; Fagus Factory 1911; post-1950 spread (e.g. Lever House 1952),Non-structural glass walls hung on frames defined the corporate modern building.,float glass; steel and aluminium framing,office towers,shelter,architectural historians,,none,Wikimedia Commons; Library of Congress (public-domain items),R3,F1.20;F1.22,medium,
MAT120,Rayon,viscose; artificial silk,material,Things,F1.11,EU-BLC;EU-WCE,1891,,viscose patented 1892; Courtaulds production 1905,Regenerated cellulose fibre imitated silk; carbon disulphide poisoned factory workers.,viscose process,stockings; dresses,clothing and adornment,patents; historians,Carbon disulphide poisoning of workers.,none,Google Patents / national patent offices (public documents); Wikimedia Commons,R3,F1.23,high,
MAT121,Nylon,polyamide,material,Things,F1.7,AM-EWD,1935,,Wallace Carothers at DuPont 1935; stockings 1939,"The first fully synthetic textile fibre, used for stockings and wartime parachutes.",melt spinning,stockings; parachutes; brushes,clothing and adornment;war,patents; DuPont,,none,Google Patents / national patent offices (public documents); Smithsonian Open Access (CC0); Wikimedia Commons,R3,F1.19a;F1.21,high,
MAT122,Polyester,PET fibre; Terylene; Dacron,material,Things,F1.11,EU-BLC,1941,,Whinfield and Dickson 1941,"A petroleum-based fibre now the most-produced textile fibre, central to fast fashion and microplastic pollution.",melt spinning,clothing; fleece,clothing and adornment,patents,Garment workers; microplastic pollution.,none,Google Patents / national patent offices (public documents); Wikimedia Commons,R3,F1.21;F1.22;F1.23,high,
MAT123,Carbon fibre,carbon-fibre composite,material,Things,THEME,EU-BLC;AM-EWD;AS-JPN,1963,,high-strength fibres from late 1950s–1963,"Very strong, light carbon filaments in resin made aircraft parts, bicycles and prosthetics.",lay-up; autoclave curing,aircraft parts; bicycles; prostheses,transport;care and access,engineers,,none,Wikimedia Commons,R3,F1.21,medium,
MAT124,Silicon,semiconductor-grade silicon,material,Things,THEME,GL,1954,,silicon transistor 1954,Purified silicon wafers carry the integrated circuits of digital devices.,crystal growth; photolithography,chips; solar cells,record and writing;tools,engineers,,none,Wikimedia Commons; USGS Mineral Commodity Summaries (US public domain),R3,F1.21;F1.22,high,
MAT125,Lithium,lithium,material,Things,THEME;F1.7,AM-AND;OC-AUS;AS-CHN,1991,,commercial lithium-ion battery 1991,"Lithium from Andean salt flats and Australian hard rock powers rechargeable batteries, raising water and Indigenous rights questions.",brine evaporation; hard-rock mining,batteries,tools;transport,geologists; industry,Atacameño and other Indigenous communities' water rights.,Indigenous-community;living-community,USGS Mineral Commodity Summaries (US public domain); Wikimedia Commons,R3,F1.22,high,
MAT126,Guano,seabird guano,material,Things,F1.7,AM-AND,1840,1880,Peruvian guano boom c.1840–1880,Seabird droppings dug from Peruvian islands by indentured Chinese workers fertilised industrial agriculture.,digging; shipping,fertiliser,food and storage;exchange and value,historians,Chinese indentured workers.,human-flow,Library of Congress (public-domain items); Biodiversity Heritage Library (public domain); Wikimedia Commons,R3,F1.22;F1.23,high,
MAT127,Coltan,columbite-tantalite,material,Things,THEME;F1.6,AF-CEN,1990,,tantalum demand for capacitors from 1990s,Tantalum ore mined by hand in eastern DR Congo supplies electronics and has financed armed conflict.,artisanal mining,capacitors,tools;record and writing,geologists; NGOs; US Dodd–Frank Act (2010),"Artisanal miners, including children.",conflict-looting;human-flow,USGS Mineral Commodity Summaries (US public domain); Wikimedia Commons,R2,F1.22;F1.23,high,
MAT128,Cobalt,cobalt,material,Things,THEME;F1.6;F1.8,AF-CEN;WA-IRN;AS-CHN;AF-EGY,-1450,,"cobalt-blue glass in Egypt from the reign of Thutmose III (c. 1450 BCE), using Western Desert alum; cobalt blue on Abbasid ceramics 9th c.; DR Congo supplies most battery cobalt today","Cobalt coloured blue-and-white ceramics for a millennium and now goes into batteries, much of it hand-dug in the DR Congo.",pigment preparation; artisanal mining,blue-and-white ceramics; batteries,tools;food and storage,historians; geologists; NGOs,"Congolese artisanal miners, including children.",human-flow,USGS Mineral Commodity Summaries (US public domain); Met Open Access (CC0); Wikimedia Commons,R1,F1.22;F1.23;F1.13,high,
