id,holder,accession,title,maker,date,licence,credit,url
portrait-hokusai,Wikimedia Commons,File:Portrait of Hokusai by Keisai Eisen.jpg,Portrait of Katsushika Hokusai (by his pupil),Keisai Eisen,before 1848,Public domain (PD-Art (PD-Japan); PD-old-100-1996),"Keisai Eisen, via Waseda University Library (he13_04158); Wikimedia Commons",https://upload.wikimedia.org/wikipedia/commons/f/f1/Portrait_of_Hokusai_by_Keisai_Eisen.jpg
portrait-hiroshige,Wikimedia Commons,"File:Memorial Portrait of Hiroshige, by Kunisada.jpg",Memorial Portrait of Ichiryusai Hiroshige (shini-e),Utagawa Kunisada (Toyokuni III),1858,CC0 (CC-Zero; Metropolitan Museum of Art Open Access),"Utagawa Kunisada; The Metropolitan Museum of Art (acc. 53719), via Wikimedia Commons",https://thumb.wikimedia.org/wikipedia/commons/thumb/f/f1/Memorial_Portrait_of_Hiroshige%2C_by_Kunisada.jpg/1280px-Memorial_Portrait_of_Hiroshige%2C_by_Kunisada.jpg
portrait-tsutaya,Wikimedia Commons,File:Tsutaya juuzaburou.jpg,"Tsutaya Juzaburo, detail from the kibyoshi Hakoiri musume menya ningyo",Santo Kyoden,1791,Public domain (PD-Japan; PD-1996),"Santo Kyoden; National Diet Library Digital Collections (pid 9892706), via Wikimedia Commons",https://upload.wikimedia.org/wikipedia/commons/5/58/Tsutaya_juuzaburou.jpg
portrait-utamaro,Wikimedia Commons,File:Kitagawa Utamaro portrait (cropped).jpg,Portrait of Kitagawa Utamaro,attributed to Chobunsai Eishi,1815,Public domain (PD-Art (PD-old-100-expired)),"attributed to Chobunsai Eishi; British Museum 1913,0501,0.402, via Wikimedia Commons",https://thumb.wikimedia.org/wikipedia/commons/thumb/4/46/Kitagawa_Utamaro_portrait_%28cropped%29.jpg/1280px-Kitagawa_Utamaro_portrait_%28cropped%29.jpg
portrait-kuniyoshi,Wikimedia Commons,"File:Shini-e (BM 1912,0416,0.222).jpg","Memorial portrait (shini-e) of Utagawa Kuniyoshi, with record of his names, death date and burial place",Ochiai Yoshiiku,1861,Public domain (PD-scan (PD-old-70)),"Ochiai Yoshiiku; British Museum 1912,0416,0.222, via Wikimedia Commons",https://upload.wikimedia.org/wikipedia/commons/b/b8/Shini-e_%28BM_1912%2C0416%2C0.222%29.jpg
portrait-kunisada,Wikimedia Commons,File:Brooklyn Museum - Memorial Portrait of the Artist Utagawa Kunisada (Toyokuni III) - Kunichika Toyohara.jpg,Memorial Portrait of the Artist Utagawa Kunisada (Toyokuni III),Toyohara Kunichika,circa 1864 (as stated on Commons; Kunisada died Jan 1865),Public domain (PD-Art (PD-old-100)),"Toyohara Kunichika; Brooklyn Museum 16.750.1, via Wikimedia Commons",https://upload.wikimedia.org/wikipedia/commons/b/b8/Brooklyn_Museum_-_Memorial_Portrait_of_the_Artist_Utagawa_Kunisada_%28Toyokuni_III%29_-_Kunichika_Toyohara.jpg
portrait-kyoden,Wikimedia Commons,File:MET DP141352.jpg,The Writer Santo Kyoden (a.k.a. Kitao Masanobu),Chokyosai (Rekisentei) Eiri,circa 1795,CC0 (CC-Zero; Metropolitan Museum of Art Open Access),"Chokyosai Eiri; The Metropolitan Museum of Art JP2419, via Wikimedia Commons",https://upload.wikimedia.org/wikipedia/commons/2/23/MET_DP141352.jpg
portrait-eisen,Wikimedia Commons,File:Eisen-zikazou.jpg,"Self-portrait of Keisai Eisen, from the book Yaji musubi koi no tsurutenn (Tenpo 7)",Keisai Eisen,1836,Public domain (PD-old; CC-PD-Mark),"Keisai Eisen; reproduced in Ukiyo-e shi no. 12 (1929), via Wikimedia Commons",https://thumb.wikimedia.org/wikipedia/commons/thumb/7/7c/Eisen-zikazou.jpg/1280px-Eisen-zikazou.jpg
portrait-sadanobu,Wikimedia Commons,File:Matsudaira Sadanobu.jpg,"Portrait of Matsudaira Sadanobu (self-portrait, colour on silk)",Matsudaira Sadanobu,Tenmei 7 (1787),Public domain (PD-Japan),"Matsudaira Sadanobu; Chinkoku Shukoku Shrine, Kuwana, via Wikimedia Commons",https://upload.wikimedia.org/wikipedia/commons/5/5e/Matsudaira_Sadanobu.jpg
portrait-tadakuni,Wikimedia Commons,File:Mizuno Tadakuni.jpg,Portrait of Mizuno Tadakuni,Tsubaki Chinzan,Tenpo era (1830-1844),Public domain (PD-Japan),"Tsubaki Chinzan; Tokyo Metropolitan University Library, Mizuno family documents, via Wikimedia Commons",https://upload.wikimedia.org/wikipedia/commons/a/ab/Mizuno_Tadakuni.jpg
portrait-hayashi,Wikimedia Commons,File:Hayashi Tadamasa.png,Photograph of Hayashi Tadamasa,Unknown photographer,1904,Public domain (PD-old-70; CC-PD-Mark),Unknown photographer; via Japan Cultural Expo (bunka.go.jp) and Wikimedia Commons,https://upload.wikimedia.org/wikipedia/commons/4/4b/Hayashi_Tadamasa.png
portrait-bing,Wikimedia Commons,File:Samuel Bing.jpg,Photograph of Siegfried (Samuel) Bing,Unknown photographer,before 1906,Public domain (PD-US-expired; PD-1996; PD-Japan-oldphoto),Unknown photographer; via meiji-portraits.de and Wikimedia Commons,https://upload.wikimedia.org/wikipedia/commons/a/ac/Samuel_Bing.jpg
portrait-van-gogh,Wikimedia Commons,File:Vincent van Gogh - Self-Portrait - 1954.326 - Art Institute of Chicago.jpg,Self-Portrait,Vincent van Gogh,1887,Public domain (PD-Art (PD-old-auto-expired); AIC CC0 image),"Vincent van Gogh; Art Institute of Chicago 1954.326, via Wikimedia Commons",https://thumb.wikimedia.org/wikipedia/commons/thumb/3/37/Vincent_van_Gogh_-_Self-Portrait_-_1954.326_-_Art_Institute_of_Chicago.jpg/1280px-Vincent_van_Gogh_-_Self-Portrait_-_1954.326_-_Art_Institute_of_Chicago.jpg
portrait-wright,Wikimedia Commons,File:Frank Lloyd Wright LC-USZ62-36384.jpg,"Frank Lloyd Wright, head-and-shoulders portrait facing right",Unknown photographer,c. 1 March 1926,Public domain (PD US not renewed),"Library of Congress Prints and Photographs Division, LC-USZ62-36384 (cph.3a36793), via Wikimedia Commons",https://upload.wikimedia.org/wikipedia/commons/9/99/Frank_Lloyd_Wright_LC-USZ62-36384.jpg
portrait-perry,Wikimedia Commons,File:Commodore Matthew Calbraith Perry.jpg,Commodore Matthew Calbraith Perry (daguerreotype),Mathew B. Brady,circa 1856-1858,Public domain (PD-US),"Mathew B. Brady; The Metropolitan Museum of Art, via Wikimedia Commons",https://thumb.wikimedia.org/wikipedia/commons/thumb/9/93/Commodore_Matthew_Calbraith_Perry.jpg/1280px-Commodore_Matthew_Calbraith_Perry.jpg
portrait-fenollosa,Wikimedia Commons,File:Fenollosa.jpg,"Ernest Fenollosa, photograph",Unknown photographer,about 1890,Public domain (PD-Art (PD-US-expired)),"Unknown photographer; scan from Chisolm, Fenollosa: the Far East and American Culture (Yale UP, 1963), via Wikimedia Commons",https://upload.wikimedia.org/wikipedia/commons/e/e3/Fenollosa.jpg
portrait-danjuro-vii,Wikimedia Commons,File:Shichidaime ichikawa danjūrō LCCN2009615109.jpg,Shichidaime Ichikawa Danjuro (surimono portrait of Ichikawa Danjuro VII),Utagawa Kunisada,1823,Public domain (PD-old-100-expired),"Utagawa Kunisada; Library of Congress, Japanese fine prints pre-1915, LCCN 2009615109, via Wikimedia Commons",https://upload.wikimedia.org/wikipedia/commons/9/97/Shichidaime_ichikawa_danj%C5%ABr%C5%8D_LCCN2009615109.jpg
portrait-ieyasu,Wikimedia Commons,File:Tokugawa Ieyasu2.JPG,Portrait of Tokugawa Ieyasu,Kano Tan'yu,early Edo period (17th century),Public domain (PD-Japan),"Kano Tan'yu; Osaka Castle Museum, via Wikimedia Commons",https://thumb.wikimedia.org/wikipedia/commons/thumb/1/11/Tokugawa_Ieyasu2.JPG/1280px-Tokugawa_Ieyasu2.JPG
portrait-zeshin,Wikimedia Commons,"File:Portrait of Shibata Zeshin in The Far East, 1897.jpg","Portrait of Shibata Zeshin, published in The Far East (English edition of Kokumin no Tomo), vol. II no. 8",Unknown,20 August 1897,Public domain (PD-US-expired; CC-PD-Mark),"The Far East, Office of the Kokumin-no-Tomo, Tokyo, 1897, via Wikimedia Commons",https://upload.wikimedia.org/wikipedia/commons/4/40/Portrait_of_Shibata_Zeshin_in_The_Far_East%2C_1897.jpg
map-edo-1859,"Library of Congress, Geography and Map Division",LCCN 77694812; call no. G7964.T7G46 1859 .T3; resource https://www.loc.gov/resource/g7964t.ct011892r/,"Ansei kaisei Oedo oezu (Map of Jeddo), hand-coloured woodblock map of Edo, 117 x 131 cm","Takai Ranzan (cartographer); publ. Izumoji Manjiro and Okadaya Kashichi, Edo",Ansei 6 (1859),Public domain (LoC Geography and Map Division: content is free to use and reuse unless stated otherwise; no rights advisory),"Library of Congress, Geography and Map Division; https://www.loc.gov/item/77694812/",https://tile.loc.gov/image-services/iiif/service:gmd:gmd7:g7964:g7964t:ct011892r/full/pct:12.5/0/default.jpg
dejima-keiga,Wikimedia Commons,File:Dutch personnel and Japanese women watching an incoming towed Dutch sailing ship at Dejima by Kawahara Keiga.jpg,Dutch personnel (incl. Philipp Franz von Siebold) and Japanese women watching a towed Dutch ship arrive at Dejima,Kawahara Keiga,"1811 (as stated on Commons; scene depicts the Siebold years, c. 1823-1829)",Public domain (PD-Art (PD-old-100)),Kawahara Keiga; via MIT Visualizing Cultures and Wikimedia Commons,https://upload.wikimedia.org/wikipedia/commons/f/f5/Dutch_personnel_and_Japanese_women_watching_an_incoming_towed_Dutch_sailing_ship_at_Dejima_by_Kawahara_Keiga.jpg
yoshiwara-nakanocho,Wikimedia Commons,File:Cherry Blossom Time in Nakanocho of the Yoshiwara LACMA 16.14.48.jpg,"Cherry Blossom Time in Nakanocho of the Yoshiwara (Yoshiwara Nakanocho sakura toki), from Famous Places of Edo",Utagawa Hiroshige,circa 1848-1849,Public domain (PD; LACMA public domain image),"Utagawa Hiroshige; Los Angeles County Museum of Art 16.14.48 (Los Angeles County Fund), via Wikimedia Commons",https://thumb.wikimedia.org/wikipedia/commons/thumb/8/82/Cherry_Blossom_Time_in_Nakanocho_of_the_Yoshiwara_LACMA_16.14.48.jpg/1280px-Cherry_Blossom_Time_in_Nakanocho_of_the_Yoshiwara_LACMA_16.14.48.jpg
eisen-aizuri,Wikimedia Commons,File:NDL9369507 五節美人合之内 名代床.jpg,"Gosetsu bijin awase no uchi: Nadai-doko, aizuri-e (blue-printed nishiki-e), publ. Kokodo",Ikeda (Keisai) Eisen,undated on Commons (series c. 1830s),Public domain (PD-scan (PD-Japan)),"Keisai Eisen; National Diet Library (NDL 9369507), via Wikimedia Commons",https://thumb.wikimedia.org/wikipedia/commons/thumb/8/86/NDL9369507_%E4%BA%94%E7%AF%80%E7%BE%8E%E4%BA%BA%E5%90%88%E4%B9%8B%E5%86%85_%E5%90%8D%E4%BB%A3%E5%BA%8A.jpg/1280px-NDL9369507_%E4%BA%94%E7%AF%80%E7%BE%8E%E4%BA%BA%E5%90%88%E4%B9%8B%E5%86%85_%E5%90%8D%E4%BB%A3%E5%BA%8A.jpg
kuniyoshi-gishi,Wikimedia Commons,"File:Seichu Gishi Den (BM 1906,1220,0.1197).jpg",Seichu gishi den (Biographies of Loyal and Righteous Samurai): Hayano Wasuke Tsunenari,Utagawa Kuniyoshi,circa 1850 (as stated on Commons; series 1847-1848),Public domain (PD-scan (PD-old-70)),"Utagawa Kuniyoshi; British Museum 1906,1220,0.1197, via Wikimedia Commons",https://upload.wikimedia.org/wikipedia/commons/5/5b/Seichu_Gishi_Den_%28BM_1906%2C1220%2C0.1197%29.jpg
great-wave-aic,Wikimedia Commons,File:1952.343 - Under the Wave off Kanagawa (Kanagawa oki nami.jpg,"Under the Wave off Kanagawa (Kanagawa oki nami ura), Art Institute of Chicago impression with pink/red sky",Katsushika Hokusai,1825-1838 (as stated on Commons; c. 1830-1832),CC0 (CC-Zero; Art Institute of Chicago),"Katsushika Hokusai; Art Institute of Chicago 1952.343, via Wikimedia Commons",https://thumb.wikimedia.org/wikipedia/commons/thumb/3/33/1952.343_-_Under_the_Wave_off_Kanagawa_%28Kanagawa_oki_nami.jpg/1280px-1952.343_-_Under_the_Wave_off_Kanagawa_%28Kanagawa_oki_nami.jpg
kabuki-interior,Wikimedia Commons,File:Brooklyn Museum - Interior View of the Kabuki Theater Kawarazaki-za - Utagawa Toyokuni I.jpg,Interior View of the Kabuki Theater Kawarazaki-za (uki-e triptych),Utagawa Toyokuni I,between 1797 and 1806,Public domain (PD-Art (PD-old-100)),"Utagawa Toyokuni I; Brooklyn Museum X1119.3a-c, via Wikimedia Commons",https://upload.wikimedia.org/wikipedia/commons/1/1b/Brooklyn_Museum_-_Interior_View_of_the_Kabuki_Theater_Kawarazaki-za_-_Utagawa_Toyokuni_I.jpg
oi-yoshiwara-night,Wikimedia Commons,File:Yoshiwara Kōshisakinozu.jpg,"Yoshiwara Koshisaki no zu (Night Scene in the Yoshiwara), colour on paper, 26.3 x 39.8 cm",Katsushika Oi,"before 1860 (Bunsei-Ansei eras, 1818-1860)",Public domain (PD-Japan; PD-old-100-expired),"Katsushika Oi; Ota Memorial Museum of Art, via Wikimedia Commons",https://thumb.wikimedia.org/wikipedia/commons/thumb/7/7e/Yoshiwara_K%C5%8Dshisakinozu.jpg/1280px-Yoshiwara_K%C5%8Dshisakinozu.jpg
nagasaki-e-dutch-ship,Wikimedia Commons,File:Orandasen LCCN2002700129.jpg,"Orandasen (Dutch ship), Nagasaki-e colour woodcut on hosho paper, 18.5 x 29 cm",Unknown Nagasaki printmaker,1850,Public domain (PD-old-100-expired),"Library of Congress, Japanese fine prints pre-1915, LCCN 2002700129, via Wikimedia Commons",https://thumb.wikimedia.org/wikipedia/commons/thumb/c/c2/Orandasen_LCCN2002700129.jpg/1280px-Orandasen_LCCN2002700129.jpg
