id,status,source_bytes,source_w,source_h
met-37358,ok,2707559,2538,3799
aic-18811,ok,337153,843,1201
cma-118833,ok,2368284,2375,3400
met-56874,ok,3369848,2868,3882
met-57679,ok,1201011,2816,2112
c-Namazu-e_-_Kashima_controls_namazu,ok,90615,440,622
c-Seichu_Gishi_Den_BM_1906-1220-0.1163,ok,335621,1109,1600
c-Hiroshige-53-Stations-Hoeido-02-Shinagawa-MIA-01,ok,113928,770,495
c-Hiroshige-53-Stations-Hoeido-04-Kanagawa-BM-03,ok,159218,712,472
c-Hiroshige-53-Stations-Hoeido-11-Hakone-MFA-01,ok,697401,1564,1010
aic-10926,ok,199453,843,540
c-Hiroshige-53-Stations-Hoeido-16-Kanbara-MFA-02,ok,560863,1920,1292
aic-18255,ok,199203,843,537
aic-25761,ok,198620,843,570
aic-25789,ok,205709,843,536
cma-160300,ok,1738384,1659,3400
aic-26577,ok,376066,843,1241
aic-23929,ok,448331,843,1235
c-Doll_Shop_of_Jikken_LACMA_M.2006.136.153,ok,1072800,1584,2100
aic-32192,ok,545190,843,1216
c-Le_Japon_artistique_décembre_1889,ok,235828,742,1001
cma-102605,ok,1755199,1664,3400
cma-123249,ok,2540439,3400,2546
hi-wave-met-jp1847,ok,2342637,3859,2594
hi-wave-met-jp10,ok,2758608,3863,2667
hi-shower-met-jp2522,ok,3043911,2650,3860
hi-redfuji-met-jp9,ok,3158200,3865,2665
hi-keyblock-met-2007-49-284,ok,2171218,2000,1431
hi-taira-met-jp1115,ok,1722520,3733,1814
hi-nihonbashi-met-jp471,ok,2769780,3818,2598
hi-cat-met-jp1563,ok,2961712,3863,2819
hi-great-wave-aic,ok,916528,1920,1327
map-edo-1859-hi,ok,3147616,3964,3545
map-edo-1676-hi,ok,3654361,4894,4135
hv-000,ok,92667,330,504
hv-001,ok,65048,330,497
hv-002,ok,53162,330,505
hv-003,ok,54579,330,503
hv-004,ok,53862,330,501
hv-005,ok,52895,330,493
hv-006,ok,64532,330,501
hv-007,ok,62964,330,501
hv-008,ok,63154,330,501
hv-009,ok,55517,330,501
hv-010,ok,51137,330,501
hv-011,ok,73617,330,501
hv-012,ok,56133,330,497
hv-013,ok,60066,330,501
hv-014,ok,55864,330,501
hv-015,ok,60103,330,499
hv-016,ok,55577,330,492
hv-017,ok,53959,330,494
hv-018,ok,55184,330,501
hv-019,ok,50155,330,496
hv-020,ok,55745,330,500
hv-021,ok,53801,330,498
hv-022,ok,53439,330,497
hv-023,ok,53713,330,497
hv-024,ok,50964,330,497
hv-025,ok,53965,330,493
hv-026,ok,53264,330,490
hv-027,ok,69201,330,493
hv-028,ok,54015,330,497
hv-029,ok,54566,330,501
hv-030,ok,63547,330,485
hv-031,ok,52038,330,502
hv-032,ok,55614,330,501
hv-033,ok,63758,330,480
hv-034,ok,43952,330,494
hv-035,ok,57719,330,495
hv-036,ok,46617,330,504
hv-037,ok,45439,330,499
hv-038,ok,52226,330,502
hv-039,ok,76272,330,493
hv-040,ok,53184,330,499
hv-041,ok,54147,330,501
hv-042,ok,64173,330,503
hv-043,ok,51215,330,501
hv-044,ok,69465,330,501
hv-045,ok,60839,330,493
hv-046,ok,52578,330,501
hv-047,ok,59571,330,501
hv-048,ok,57284,330,504
hv-049,ok,88069,330,440
hv-050,ok,61876,330,496
hv-051,ok,58134,330,501
hv-052,ok,56488,330,501
hv-053,ok,58554,330,501
hv-054,ok,56693,330,501
hv-055,ok,65926,330,498
hv-056,ok,50646,330,501
hv-057,ok,51184,330,501
hv-058,ok,65833,330,515
hv-059,ok,60871,330,495
hv-060,ok,51229,330,498
hv-061,ok,52424,330,496
hv-062,ok,48483,330,513
hv-063,ok,61826,330,503
hv-064,ok,62416,330,497
hv-065,ok,65025,330,500
hv-066,ok,55916,330,508
hv-067,ok,52430,330,499
hv-068,ok,55566,330,505
hv-069,ok,54380,330,502
hv-070,ok,53083,330,502
hv-071,ok,55700,330,504
hv-072,ok,51789,330,501
hv-073,ok,62297,330,502
hv-074,ok,66987,330,488
hv-075,ok,55849,330,496
hv-076,ok,48918,330,498
hv-077,ok,50358,330,493
hv-078,ok,53625,330,508
hv-079,ok,56368,330,500
hv-080,ok,63781,330,498
hv-081,ok,46733,330,501
hv-082,ok,55519,330,490
hv-083,ok,50875,330,499
hv-084,ok,59077,330,502
hv-085,ok,49722,330,506
hv-086,ok,44743,330,499
hv-087,ok,57812,330,504
hv-088,ok,57518,330,495
hv-089,ok,54649,330,503
hv-090,ok,79479,330,491
hv-091,ok,61445,330,502
hv-092,ok,59786,330,493
hv-093,ok,54046,330,499
hv-094,ok,60095,330,506
hv-095,ok,54226,330,500
hv-096,ok,74748,330,505
hv-097,ok,55983,330,504
hv-098,ok,47926,330,508
hv-099,ok,67181,330,503
hv-100,ok,52394,330,502
hv-101,ok,63028,330,501
hv-102,ok,64080,330,496
hv-103,ok,54470,330,507
hv-104,ok,58616,330,500
hv-105,ok,57226,330,494
hv-106,ok,66241,330,510
hv-107,ok,63135,330,505
hv-108,ok,53095,330,507
hv-109,ok,37725,330,440
hv-110,ok,52659,330,503
hv-111,ok,75915,330,504
hv-112,ok,63631,330,496
hv-113,ok,50022,330,502
hv-114,ok,59547,330,504
hv-115,ok,49025,330,497
hv-116,ok,55998,330,493
hv-117,ok,60389,330,506
hv-118,ok,60595,330,504
hv-119,ok,73263,330,500
