id,holder,accession,title,maker,date,licence,credit,url,max,thumb
met-37358,The Metropolitan Museum of Art,JP2822,Kabuki Actor Ōtani Oniji III as Yakko Edobei,Tōshūsai Sharaku,1794,CC0 (Met Open Access; isPublicDomain=true),"Henry L. Phillips Collection, Bequest of Henry L. Phillips, 1939",https://images.metmuseum.org/CRDImages/as/original/DP130228.jpg,2400,yes
aic-18811,Art Institute of Chicago,1934.215,Naritaya Sansho (The actor Ichikawa Danjuro VI as Arakawa Taro Takesada),Toshusai Sharaku,1794,Public domain (AIC is_public_domain=true; CC0 data),Clarence Buckingham Collection,"https://www.artic.edu/iiif/2/ebcc6d82-5211-44e9-8892-fbb2e0f1cae9/full/843,/0/default.jpg",2400,yes
cma-118833,Cleveland Museum of Art,1940.1031,Woman Holding a Fan (from the series Ten Aspects of the Physiognomy of Women),Kitagawa Utamaro,c. 1793,CC0,Bequest of James Parmelee,https://openaccess-cdn.clevelandart.org/1940.1031/1940.1031_print.jpg,2400,yes
met-56874,The Metropolitan Museum of Art,JP2438,Visit to a Shrine at the Hour of the Ox (Ushi no toki mairi),Suzuki Harunobu,1765,CC0 (Met Open Access; isPublicDomain=true),"The Howard Mansfield Collection, Purchase, Rogers Fund, 1936",https://images.metmuseum.org/CRDImages/as/original/DP119501.jpg,2400,yes
met-57679,The Metropolitan Museum of Art,JIB81.1,"Transmitting the Spirit, Revealing the Form of Things: Hokusai Sketchbooks, first volume (Denshin kaishu: Hokusai manga, shohen)",Katsushika Hokusai,after 1828,CC0 (Met Open Access; isPublicDomain=true),"Rogers Fund, 1931",https://images.metmuseum.org/CRDImages/as/original/JIB_81_1_Preface_1_sf.JPG,2400,yes
c-Namazu-e_-_Kashima_controls_namazu,Wikimedia Commons,File:Namazu-e - Kashima controls namazu.jpg,Namazu-e: Kashima controls Namazu with his sword,Unknown,Edo - 1855,Public domain (Commons extmetadata LicenseShortName),"鯰絵コレクション (Namazu-e collection), International Research Center for Japanese Studies (per Commons Credit)",https://upload.wikimedia.org/wikipedia/commons/4/43/Namazu-e_-_Kashima_controls_namazu.jpg,2400,yes
c-Seichu_Gishi_Den_BM_1906-1220-0.1163,Wikimedia Commons,"File:Seichu Gishi Den (BM 1906,1220,0.1163).jpg",Seichū gishi den no. 14 (誠忠義士伝 十四): Ōtaka Gengo Tadao,Utagawa Kuniyoshi,circa 1850 (Commons date; series usually dated 1847–48),Public domain (Commons extmetadata LicenseShortName),"British Museum 1906,1220,0.1163 (https://www.britishmuseum.org/collection/object/A_1906-1220-0-1163)",https://upload.wikimedia.org/wikipedia/commons/8/89/Seichu_Gishi_Den_%28BM_1906%2C1220%2C0.1163%29.jpg,2400,yes
c-Hiroshige-53-Stations-Hoeido-02-Shinagawa-MIA-01,Wikimedia Commons,File:Hiroshige-53-Stations-Hoeido-02-Shinagawa-MIA-01.jpg,"Shinagawa, Hōeidō Tōkaidō",Utagawa Hiroshige,circa 1833/35,Public domain (Commons extmetadata LicenseShortName),Minneapolis Institute of Art (per Commons Credit),https://upload.wikimedia.org/wikipedia/commons/5/5d/Hiroshige-53-Stations-Hoeido-02-Shinagawa-MIA-01.jpg,2400,yes
c-Hiroshige-53-Stations-Hoeido-04-Kanagawa-BM-03,Wikimedia Commons,File:Hiroshige-53-Stations-Hoeido-04-Kanagawa-BM-03.jpg,"Kanagawa, Hōeidō Tōkaidō",Utagawa Hiroshige,circa 1833/35,Public domain (Commons extmetadata LicenseShortName),British Museum (per Commons Credit),https://upload.wikimedia.org/wikipedia/commons/e/e2/Hiroshige-53-Stations-Hoeido-04-Kanagawa-BM-03.jpg,2400,yes
c-Hiroshige-53-Stations-Hoeido-11-Hakone-MFA-01,Wikimedia Commons,File:Hiroshige-53-Stations-Hoeido-11-Hakone-MFA-01.jpg,"Hakone, Hōeidō Tōkaidō",Utagawa Hiroshige,circa 1833/35,Public domain (Commons extmetadata LicenseShortName),"Museum of Fine Arts, Boston (per Commons Credit)",https://upload.wikimedia.org/wikipedia/commons/f/f5/Hiroshige-53-Stations-Hoeido-11-Hakone-MFA-01.jpg,2400,yes
aic-10926,Art Institute of Chicago,1932.170,"Mishima: Morning Mist (Mishima, asagiri), from the series ""Fifty-three Stations of the Tokaido Road"", also known as the Hoeido Tokaido",Utagawa Hiroshige,c. 1833/34,Public domain (AIC is_public_domain=true),Gift of H. R. Warner,"https://www.artic.edu/iiif/2/c047003a-949c-a581-7c5a-2c415e8cac75/full/843,/0/default.jpg",2400,yes
c-Hiroshige-53-Stations-Hoeido-16-Kanbara-MFA-02,Wikimedia Commons,File:Hiroshige-53-Stations-Hoeido-16-Kanbara-MFA-02.jpg,"Kanbara (Night Snow), Hōeidō Tōkaidō",Utagawa Hiroshige,circa 1833/35,Public domain (Commons extmetadata LicenseShortName),"Museum of Fine Arts, Boston (per Commons Credit)",https://thumb.wikimedia.org/wikipedia/commons/thumb/9/98/Hiroshige-53-Stations-Hoeido-16-Kanbara-MFA-02.jpg/1920px-Hiroshige-53-Stations-Hoeido-16-Kanbara-MFA-02.jpg,2400,yes
aic-18255,Art Institute of Chicago,1963.666,"Yui: Satta Peak (Yui, Satta mine), from the series ""Fifty-three Stations of the Tokaido Road"", also known as the Hoeido Tokaido",Utagawa Hiroshige,c. 1833/34,Public domain (AIC is_public_domain=true),Gift of Mr. and Mrs. Harold G. Henderson,"https://www.artic.edu/iiif/2/216c13e0-3d93-4794-7ca9-71d38af7ac6d/full/843,/0/default.jpg",2400,yes
aic-25761,Art Institute of Chicago,1925.3553,"Shono: Driving Rain (Shono hakuu), from the series ""Fifty-three Stations of the Tokaido"", also known as the Hoeido Tokaido",Utagawa Hiroshige,c. 1833-34,Public domain (AIC is_public_domain=true),Clarence Buckingham Collection,"https://www.artic.edu/iiif/2/998c262b-75e6-b711-1586-5bb33ddb74ce/full/843,/0/default.jpg",2400,yes
aic-25789,Art Institute of Chicago,1925.3563,"Kyoto: The Great Bridge at Sanjo (Keishi, Sanjo ohashi), from the series ""Fifty-three Stations of the Tokaido"", also known as the Hoeido Tokaido",Utagawa Hiroshige,c. 1833/34,Public domain (AIC is_public_domain=true),Clarence Buckingham Collection,"https://www.artic.edu/iiif/2/2f21e6b9-2530-b8bc-fe3f-a9daac6645a9/full/843,/0/default.jpg",2400,yes
cma-160300,Cleveland Museum of Art,1998.178,Operating on Guan Yu's Arm,Katsushika Ōi,1840s,CC0,Kelvin Smith Fund,https://openaccess-cdn.clevelandart.org/1998.178/1998.178_print.jpg,2400,yes
aic-26577,Art Institute of Chicago,1925.3752,"Plum Garden at Kameido (Kameido Umeyashiki), from the series ""One Hundred Famous Views of Edo (Meisho Edo hyakkei)""",Utagawa Hiroshige,1857,Public domain (AIC is_public_domain=true),Clarence Buckingham Collection,"https://www.artic.edu/iiif/2/89a2332f-be15-8e05-bc79-778738fdc1ef/full/843,/0/default.jpg",2400,yes
aic-23929,Art Institute of Chicago,1937.270,The actor Ichikawa Danjuro VII,Utagawa Kunisada I (Toyokuni III),1826,Public domain (AIC is_public_domain=true),Judson D. Metzger Collection,"https://www.artic.edu/iiif/2/87738de4-eebb-bff2-95eb-500e37463300/full/843,/0/default.jpg",2400,yes
c-Doll_Shop_of_Jikken_LACMA_M.2006.136.153,Wikimedia Commons,File:Doll Shop of Jikken LACMA M.2006.136.153.jpg,Print Shop (絵草紙店 Ezōshi-ten) [formerly titled Doll Shop of Jikken],Katsushika Hokusai,circa 1802,Public domain (Commons extmetadata LicenseShortName),"LACMA, The Joan Elizabeth Tanney Bequest (M.2006.136.153)",https://upload.wikimedia.org/wikipedia/commons/2/2a/Doll_Shop_of_Jikken_LACMA_M.2006.136.153.jpg,2400,yes
aic-32192,Art Institute of Chicago,1926.1692,Americans Baking Bread (Amerikajin pan wo yaku zu),Utagawa Yoshikazu,1861,Public domain (AIC is_public_domain=true),Gift of Emily Crane Chadbourne,"https://www.artic.edu/iiif/2/b85758ca-2b3e-3f21-33f2-c03d1c1c1a57/full/843,/0/default.jpg",2400,yes
c-Le_Japon_artistique_décembre_1889,Wikimedia Commons,File:Le Japon artistique décembre 1889.jpg,"Le Japon artistique, publication mensuelle no. 20, décembre 1889 (cover)",Siegfried Bing (ed.),1889-12,Public domain (Commons extmetadata LicenseShortName),University of Wisconsin Digital Collections (DLDecArts) per Commons Credit,https://upload.wikimedia.org/wikipedia/commons/9/94/Le_Japon_artistique_d%C3%A9cembre_1889.jpg,2400,yes
cma-102605,Cleveland Museum of Art,1921.1271,Ichikawa Danjuro V as a Traveller Beside a Clump of Iris,Katsukawa Shunshō,c. 1780,CC0,Gift from J. H. Wade,https://openaccess-cdn.clevelandart.org/1921.1271/1921.1271_print.jpg,2400,yes
cma-123249,Cleveland Museum of Art,1943.5,Basket of Peonies,Katsushika Hokusai,1810 or 1814,CC0,Gift of Mrs. Ralph King,https://openaccess-cdn.clevelandart.org/1943.5/1943.5_print.jpg,2400,yes
hi-wave-met-jp1847,The Metropolitan Museum of Art,JP1847,Under the Wave off Kanagawa (Kanagawa oki nami ura),Katsushika Hokusai; publisher Nishimuraya Yohachi (Eijudō),ca. 1830–32,CC0 (isPublicDomain: true),"H. O. Havemeyer Collection, Bequest of Mrs. H. O. Havemeyer, 1929",https://images.metmuseum.org/CRDImages/as/original/DP130155.jpg,3800,no
hi-wave-met-jp10,The Metropolitan Museum of Art,JP10,"Under the Wave off Kanagawa, second impression",Katsushika Hokusai; publisher Nishimuraya Yohachi (Eijudō),ca. 1830–32,CC0 (isPublicDomain: true),"Rogers Fund, 1914",https://images.metmuseum.org/CRDImages/as/original/DP141063.jpg,2400,no
hi-shower-met-jp2522,The Metropolitan Museum of Art,JP2522,Sudden Shower over Shin-Ōhashi Bridge and Atake,Utagawa Hiroshige; publisher Uoya Eikichi,1857,CC0 (isPublicDomain: true),"Howard Mansfield Collection, Purchase, Rogers Fund, 1936",https://images.metmuseum.org/CRDImages/as/original/DP130156.jpg,3800,no
hi-redfuji-met-jp9,The Metropolitan Museum of Art,JP9,"South Wind, Clear Sky (Gaifū kaisei)",Katsushika Hokusai,ca. 1830–32,CC0 (isPublicDomain: true),"Rogers Fund, 1914",https://images.metmuseum.org/CRDImages/as/original/DP141062.jpg,2400,no
hi-keyblock-met-2007-49-284,The Metropolitan Museum of Art,2007.49.284,Proof Line-Block Print for Fan,Utagawa (Gountei) Sadahide,19th century,CC0 (isPublicDomain: true),"Bequest of William S. Lieberman, 2005",https://images.metmuseum.org/CRDImages/as/original/DP148137.jpg,2000,no
hi-taira-met-jp1115,The Metropolitan Museum of Art,JP1115.2a–c,Ghosts of the Taira at Daimotsu Bay,Utagawa Kuniyoshi,1849–52,CC0 (isPublicDomain: true),The Metropolitan Museum of Art,https://images.metmuseum.org/CRDImages/as/original/DP149159.jpg,3000,no
hi-nihonbashi-met-jp471,The Metropolitan Museum of Art,JP471,Station One: Morning View of Nihonbashi,Utagawa Hiroshige; publisher Hōeidō,ca. 1833–34,CC0 (isPublicDomain: true),"Rogers Fund, 1918",https://images.metmuseum.org/CRDImages/as/original/DP122174.jpg,2400,no
hi-cat-met-jp1563,The Metropolitan Museum of Art,JP1563,Scene from a Ghost Story: The Okazaki Cat Demon,Utagawa Kuniyoshi,ca. 1850,CC0 (isPublicDomain: true),"Fletcher Fund, 1929",https://images.metmuseum.org/CRDImages/as/original/DP146821.jpg,2400,no
hi-great-wave-aic,Wikimedia Commons,File:1952.343 - Under the Wave off Kanagawa (Kanagawa oki nami.jpg,"Under the Wave off Kanagawa (Kanagawa oki nami ura), Art Institute of Chicago impression with pink/red sky",Katsushika Hokusai,1825-1838 (as stated on Commons; c. 1830-1832),CC0 (CC-Zero; Art Institute of Chicago),"Katsushika Hokusai; Art Institute of Chicago 1952.343, via Wikimedia Commons",https://thumb.wikimedia.org/wikipedia/commons/thumb/3/33/1952.343_-_Under_the_Wave_off_Kanagawa_%28Kanagawa_oki_nami.jpg/1920px-1952.343_-_Under_the_Wave_off_Kanagawa_%28Kanagawa_oki_nami.jpg,1920,no
map-edo-1859-hi,Library of Congress,77694812,Ansei kaisei Oedo ōezu (安政改正御江戸大繪圖),Takai Ranzan; Okadaya Kashichi; Izumoji Manjirō,1859 (Ansei 6),Public domain (LoC: free to use and reuse),"Library of Congress, Geography and Map Division",https://tile.loc.gov/image-services/iiif/service:gmd:gmd7:g7964:g7964t:ct011892r/full/pct:25/0/default.jpg,4000,yes
map-edo-1676-hi,Library of Congress,gm71005163,"Edo ōezu, eiri (江戸大絵図, 絵入)","Nakamura Ichiemon, active 17th century, cartographer",1676 (LoC date; created_published reads 'Enpō 6 [1678]'; Tokyo Univ. identical map dated Enpō 5 = 1677),Public domain (LoC: free to use and reuse),"Library of Congress, Geography and Map Division",https://tile.loc.gov/image-services/iiif/service:gmd:gmd7:g7964:g7964t:ct011927/full/pct:25/0/default.jpg,4900,yes
hv-000,Wikimedia Commons,"File:Hiroshige, Table of contents.jpg",Table of Contents,Utagawa Hiroshige; publisher Uoya Eikichi,1856–58,Public domain (Commons),"File:Hiroshige, Table of contents.jpg",https://thumb.wikimedia.org/wikipedia/commons/thumb/7/7c/Hiroshige%2C_Table_of_contents.jpg/330px-Hiroshige%2C_Table_of_contents.jpg,330,no
hv-001,Wikimedia Commons,File:100 views edo 001.jpg,Nihonbashi: Clearing after Snow,Utagawa Hiroshige; publisher Uoya Eikichi,1856–58,Public domain (Commons),File:100 views edo 001.jpg,https://thumb.wikimedia.org/wikipedia/commons/thumb/6/69/100_views_edo_001.jpg/330px-100_views_edo_001.jpg,330,no
hv-002,Wikimedia Commons,File:100 views edo 002.jpg,Kasumigaseki,Utagawa Hiroshige; publisher Uoya Eikichi,1856–58,Public domain (Commons),File:100 views edo 002.jpg,https://thumb.wikimedia.org/wikipedia/commons/thumb/6/65/100_views_edo_002.jpg/330px-100_views_edo_002.jpg,330,no
hv-003,Wikimedia Commons,File:100 views edo 003.jpg,Hibiya and Soto-Sakurada from Yamashita-chō,Utagawa Hiroshige; publisher Uoya Eikichi,1856–58,Public domain (Commons),File:100 views edo 003.jpg,https://thumb.wikimedia.org/wikipedia/commons/thumb/5/55/100_views_edo_003.jpg/330px-100_views_edo_003.jpg,330,no
hv-004,Wikimedia Commons,File:100 views edo 004.jpg,Tsukudajima and Eitai Bridge,Utagawa Hiroshige; publisher Uoya Eikichi,1856–58,Public domain (Commons),File:100 views edo 004.jpg,https://thumb.wikimedia.org/wikipedia/commons/thumb/1/19/100_views_edo_004.jpg/330px-100_views_edo_004.jpg,330,no
hv-005,Wikimedia Commons,File:100 views edo 005.jpg,Ekōin Temple in Ryōgoku and Moto-Yanagi Bridge,Utagawa Hiroshige; publisher Uoya Eikichi,1856–58,Public domain (Commons),File:100 views edo 005.jpg,https://thumb.wikimedia.org/wikipedia/commons/thumb/9/99/100_views_edo_005.jpg/330px-100_views_edo_005.jpg,330,no
hv-006,Wikimedia Commons,File:100 views edo 006.jpg,Hatsune Riding Ground in Bakuro-chō,Utagawa Hiroshige; publisher Uoya Eikichi,1856–58,Public domain (Commons),File:100 views edo 006.jpg,https://thumb.wikimedia.org/wikipedia/commons/thumb/a/a0/100_views_edo_006.jpg/330px-100_views_edo_006.jpg,330,no
hv-007,Wikimedia Commons,File:100 views edo 007.jpg,Shops with Cotton Goods in Ōdenma-chō,Utagawa Hiroshige; publisher Uoya Eikichi,1856–58,Public domain (Commons),File:100 views edo 007.jpg,https://thumb.wikimedia.org/wikipedia/commons/thumb/0/0b/100_views_edo_007.jpg/330px-100_views_edo_007.jpg,330,no
hv-008,Wikimedia Commons,File:100 views edo 008.jpg,Suruga-chō,Utagawa Hiroshige; publisher Uoya Eikichi,1856–58,Public domain (Commons),File:100 views edo 008.jpg,https://thumb.wikimedia.org/wikipedia/commons/thumb/d/d0/100_views_edo_008.jpg/330px-100_views_edo_008.jpg,330,no
hv-009,Wikimedia Commons,File:100 views edo 009.jpg,"Yatsukōji, Inside Sujikai Gate",Utagawa Hiroshige; publisher Uoya Eikichi,1856–58,Public domain (Commons),File:100 views edo 009.jpg,https://thumb.wikimedia.org/wikipedia/commons/thumb/f/f0/100_views_edo_009.jpg/330px-100_views_edo_009.jpg,330,no
hv-010,Wikimedia Commons,File:100 views edo 010.jpg,Sunrise at Kanda Myōjin Shrine,Utagawa Hiroshige; publisher Uoya Eikichi,1856–58,Public domain (Commons),File:100 views edo 010.jpg,https://thumb.wikimedia.org/wikipedia/commons/thumb/e/e5/100_views_edo_010.jpg/330px-100_views_edo_010.jpg,330,no
hv-011,Wikimedia Commons,File:100 views edo 011.jpg,Kiyomizu Hall and Shinobazu Pond at Ueno,Utagawa Hiroshige; publisher Uoya Eikichi,1856–58,Public domain (Commons),File:100 views edo 011.jpg,https://thumb.wikimedia.org/wikipedia/commons/thumb/1/1e/100_views_edo_011.jpg/330px-100_views_edo_011.jpg,330,no
hv-012,Wikimedia Commons,File:100 views edo 012.jpg,Ueno Yamashita,Utagawa Hiroshige; publisher Uoya Eikichi,1856–58,Public domain (Commons),File:100 views edo 012.jpg,https://thumb.wikimedia.org/wikipedia/commons/thumb/7/72/100_views_edo_012.jpg/330px-100_views_edo_012.jpg,330,no
hv-013,Wikimedia Commons,File:100 views edo 013.jpg,Shitaya Hirokōji,Utagawa Hiroshige; publisher Uoya Eikichi,1856–58,Public domain (Commons),File:100 views edo 013.jpg,https://thumb.wikimedia.org/wikipedia/commons/thumb/6/68/100_views_edo_013.jpg/330px-100_views_edo_013.jpg,330,no
hv-014,Wikimedia Commons,File:100 views edo 014.jpg,Temple Gardens in Nippori,Utagawa Hiroshige; publisher Uoya Eikichi,1856–58,Public domain (Commons),File:100 views edo 014.jpg,https://thumb.wikimedia.org/wikipedia/commons/thumb/3/34/100_views_edo_014.jpg/330px-100_views_edo_014.jpg,330,no
hv-015,Wikimedia Commons,File:100 views edo 015.jpg,Suwa Bluff in Nippori,Utagawa Hiroshige; publisher Uoya Eikichi,1856–58,Public domain (Commons),File:100 views edo 015.jpg,https://thumb.wikimedia.org/wikipedia/commons/thumb/9/93/100_views_edo_015.jpg/330px-100_views_edo_015.jpg,330,no
hv-016,Wikimedia Commons,File:100 views edo 016.jpg,Flower Park and Dangozaka Slope in Sendagi,Utagawa Hiroshige; publisher Uoya Eikichi,1856–58,Public domain (Commons),File:100 views edo 016.jpg,https://thumb.wikimedia.org/wikipedia/commons/thumb/5/57/100_views_edo_016.jpg/330px-100_views_edo_016.jpg,330,no
hv-017,Wikimedia Commons,File:100 views edo 017.jpg,View to the North from Asukayama,Utagawa Hiroshige; publisher Uoya Eikichi,1856–58,Public domain (Commons),File:100 views edo 017.jpg,https://thumb.wikimedia.org/wikipedia/commons/thumb/f/fd/100_views_edo_017.jpg/330px-100_views_edo_017.jpg,330,no
hv-018,Wikimedia Commons,File:100 views edo 018.jpg,The Ōji Inari Shrine,Utagawa Hiroshige; publisher Uoya Eikichi,1856–58,Public domain (Commons),File:100 views edo 018.jpg,https://thumb.wikimedia.org/wikipedia/commons/thumb/f/f3/100_views_edo_018.jpg/330px-100_views_edo_018.jpg,330,no
hv-019,Wikimedia Commons,File:100 views edo 019.jpg,"Dam on the Otonashi River at Ōji, known as ""The Great Waterfall""",Utagawa Hiroshige; publisher Uoya Eikichi,1856–58,Public domain (Commons),File:100 views edo 019.jpg,https://thumb.wikimedia.org/wikipedia/commons/thumb/a/a0/100_views_edo_019.jpg/330px-100_views_edo_019.jpg,330,no
hv-020,Wikimedia Commons,File:100 views edo 020.jpg,The Kawaguchi Ferry and Zenkōji temple,Utagawa Hiroshige; publisher Uoya Eikichi,1856–58,Public domain (Commons),File:100 views edo 020.jpg,https://thumb.wikimedia.org/wikipedia/commons/thumb/5/59/100_views_edo_020.jpg/330px-100_views_edo_020.jpg,330,no
hv-021,Wikimedia Commons,File:100 views edo 021.jpg,Mount Atago in Shiba,Utagawa Hiroshige; publisher Uoya Eikichi,1856–58,Public domain (Commons),File:100 views edo 021.jpg,https://thumb.wikimedia.org/wikipedia/commons/thumb/f/fa/100_views_edo_021.jpg/330px-100_views_edo_021.jpg,330,no
hv-022,Wikimedia Commons,File:100 views edo 022.jpg,Hiroo on Furukawa River,Utagawa Hiroshige; publisher Uoya Eikichi,1856–58,Public domain (Commons),File:100 views edo 022.jpg,https://thumb.wikimedia.org/wikipedia/commons/thumb/0/04/100_views_edo_022.jpg/330px-100_views_edo_022.jpg,330,no
hv-023,Wikimedia Commons,File:100 views edo 023.jpg,Chiyogaike Pond in Meguro,Utagawa Hiroshige; publisher Uoya Eikichi,1856–58,Public domain (Commons),File:100 views edo 023.jpg,https://thumb.wikimedia.org/wikipedia/commons/thumb/f/fd/100_views_edo_023.jpg/330px-100_views_edo_023.jpg,330,no
hv-024,Wikimedia Commons,File:100 views edo 024.jpg,New Fuji in Meguro,Utagawa Hiroshige; publisher Uoya Eikichi,1856–58,Public domain (Commons),File:100 views edo 024.jpg,https://thumb.wikimedia.org/wikipedia/commons/thumb/3/34/100_views_edo_024.jpg/330px-100_views_edo_024.jpg,330,no
hv-025,Wikimedia Commons,File:100 views edo 025.jpg,The Original Fuji in Meguro,Utagawa Hiroshige; publisher Uoya Eikichi,1856–58,Public domain (Commons),File:100 views edo 025.jpg,https://thumb.wikimedia.org/wikipedia/commons/thumb/0/0e/100_views_edo_025.jpg/330px-100_views_edo_025.jpg,330,no
hv-026,Wikimedia Commons,File:100 views edo 026.jpg,"The ""Armour-Hanging Pine"" at Hakkeizaka Bluff",Utagawa Hiroshige; publisher Uoya Eikichi,1856–58,Public domain (Commons),File:100 views edo 026.jpg,https://thumb.wikimedia.org/wikipedia/commons/thumb/5/5c/100_views_edo_026.jpg/330px-100_views_edo_026.jpg,330,no
hv-027,Wikimedia Commons,File:100 views edo 027.jpg,Plum Orchard in Kamada,Utagawa Hiroshige; publisher Uoya Eikichi,1856–58,Public domain (Commons),File:100 views edo 027.jpg,https://thumb.wikimedia.org/wikipedia/commons/thumb/f/f9/100_views_edo_027.jpg/330px-100_views_edo_027.jpg,330,no
hv-028,Wikimedia Commons,File:100 views edo 028.jpg,Palace Hill in Shinagawa,Utagawa Hiroshige; publisher Uoya Eikichi,1856–58,Public domain (Commons),File:100 views edo 028.jpg,https://thumb.wikimedia.org/wikipedia/commons/thumb/b/b0/100_views_edo_028.jpg/330px-100_views_edo_028.jpg,330,no
hv-029,Wikimedia Commons,File:100 views edo 029.jpg,Moto-Hachiman Shrine in Sunamura,Utagawa Hiroshige; publisher Uoya Eikichi,1856–58,Public domain (Commons),File:100 views edo 029.jpg,https://thumb.wikimedia.org/wikipedia/commons/thumb/9/9c/100_views_edo_029.jpg/330px-100_views_edo_029.jpg,330,no
hv-030,Wikimedia Commons,File:De pruimenboomgaard te Kameido-Rijksmuseum RP-P-1956-743.jpeg,Plum Park in Kameido,Utagawa Hiroshige; publisher Uoya Eikichi,1856–58,Public domain (Commons),File:De pruimenboomgaard te Kameido-Rijksmuseum RP-P-1956-743.jpeg,https://thumb.wikimedia.org/wikipedia/commons/thumb/a/a8/De_pruimenboomgaard_te_Kameido-Rijksmuseum_RP-P-1956-743.jpeg/330px-De_pruimenboomgaard_te_Kameido-Rijksmuseum_RP-P-1956-743.jpeg,330,no
hv-031,Wikimedia Commons,File:100 views edo 031.jpg,Azuma no mori Shrine and the Entwined Camphor,Utagawa Hiroshige; publisher Uoya Eikichi,1856–58,Public domain (Commons),File:100 views edo 031.jpg,https://thumb.wikimedia.org/wikipedia/commons/thumb/0/0e/100_views_edo_031.jpg/330px-100_views_edo_031.jpg,330,no
hv-032,Wikimedia Commons,File:100 views edo 032.jpg,The Yanagishima,Utagawa Hiroshige; publisher Uoya Eikichi,1856–58,Public domain (Commons),File:100 views edo 032.jpg,https://thumb.wikimedia.org/wikipedia/commons/thumb/3/31/100_views_edo_032.jpg/330px-100_views_edo_032.jpg,330,no
hv-033,Wikimedia Commons,File:100 views edo 033.jpg,Towboats Along the Yotsugi-dōri Canal,Utagawa Hiroshige; publisher Uoya Eikichi,1856–58,Public domain (Commons),File:100 views edo 033.jpg,https://thumb.wikimedia.org/wikipedia/commons/thumb/3/38/100_views_edo_033.jpg/330px-100_views_edo_033.jpg,330,no
hv-034,Wikimedia Commons,File:100 views edo 034.jpg,Night View of Matsuchiyama and the San'ya Canal,Utagawa Hiroshige; publisher Uoya Eikichi,1856–58,Public domain (Commons),File:100 views edo 034.jpg,https://thumb.wikimedia.org/wikipedia/commons/thumb/7/74/100_views_edo_034.jpg/330px-100_views_edo_034.jpg,330,no
hv-035,Wikimedia Commons,File:100 views edo 035.jpg,Suijin Shrine and Massaki on the Sumida River,Utagawa Hiroshige; publisher Uoya Eikichi,1856–58,Public domain (Commons),File:100 views edo 035.jpg,https://thumb.wikimedia.org/wikipedia/commons/thumb/e/e1/100_views_edo_035.jpg/330px-100_views_edo_035.jpg,330,no
hv-036,Wikimedia Commons,File:100 views edo 036.jpg,"View From Massaki of Suijin Shrine, Uchigawa Inlet, and Sekiya",Utagawa Hiroshige; publisher Uoya Eikichi,1856–58,Public domain (Commons),File:100 views edo 036.jpg,https://thumb.wikimedia.org/wikipedia/commons/thumb/c/cb/100_views_edo_036.jpg/330px-100_views_edo_036.jpg,330,no
hv-037,Wikimedia Commons,File:100 views edo 037.jpg,Kilns and the Hashiba Ferry on the Sumida River,Utagawa Hiroshige; publisher Uoya Eikichi,1856–58,Public domain (Commons),File:100 views edo 037.jpg,https://thumb.wikimedia.org/wikipedia/commons/thumb/4/4c/100_views_edo_037.jpg/330px-100_views_edo_037.jpg,330,no
hv-038,Wikimedia Commons,File:100 views edo 038.jpg,Dawn Inside the Yoshiwara,Utagawa Hiroshige; publisher Uoya Eikichi,1856–58,Public domain (Commons),File:100 views edo 038.jpg,https://thumb.wikimedia.org/wikipedia/commons/thumb/5/56/100_views_edo_038.jpg/330px-100_views_edo_038.jpg,330,no
hv-039,Wikimedia Commons,File:100 views edo 039.jpg,Distant View of Kinryūzan Temple and the Azuma Bridge,Utagawa Hiroshige; publisher Uoya Eikichi,1856–58,Public domain (Commons),File:100 views edo 039.jpg,https://thumb.wikimedia.org/wikipedia/commons/thumb/1/1c/100_views_edo_039.jpg/330px-100_views_edo_039.jpg,330,no
hv-040,Wikimedia Commons,File:100 views edo 040.jpg,Bashō's Hermitage on Camellia Hill beside the Aqueduct at Sekiguchi,Utagawa Hiroshige; publisher Uoya Eikichi,1856–58,Public domain (Commons),File:100 views edo 040.jpg,https://thumb.wikimedia.org/wikipedia/commons/thumb/9/98/100_views_edo_040.jpg/330px-100_views_edo_040.jpg,330,no
hv-041,Wikimedia Commons,File:100 views edo 041.jpg,Hachiman Shrine in Ichigaya,Utagawa Hiroshige; publisher Uoya Eikichi,1856–58,Public domain (Commons),File:100 views edo 041.jpg,https://thumb.wikimedia.org/wikipedia/commons/thumb/f/fa/100_views_edo_041.jpg/330px-100_views_edo_041.jpg,330,no
hv-042,Wikimedia Commons,File:100 views edo 042.jpg,Cherry Blossoms on the Banks of the Tama River,Utagawa Hiroshige; publisher Uoya Eikichi,1856–58,Public domain (Commons),File:100 views edo 042.jpg,https://thumb.wikimedia.org/wikipedia/commons/thumb/4/4e/100_views_edo_042.jpg/330px-100_views_edo_042.jpg,330,no
hv-043,Wikimedia Commons,File:100 views edo 043.jpg,Nihonbashi Bridge and Edobashi Bridge,Utagawa Hiroshige; publisher Uoya Eikichi,1856–58,Public domain (Commons),File:100 views edo 043.jpg,https://thumb.wikimedia.org/wikipedia/commons/thumb/c/cc/100_views_edo_043.jpg/330px-100_views_edo_043.jpg,330,no
hv-044,Wikimedia Commons,File:100 views edo 044.jpg,View of Nihonbashi itchōme Street,Utagawa Hiroshige; publisher Uoya Eikichi,1856–58,Public domain (Commons),File:100 views edo 044.jpg,https://thumb.wikimedia.org/wikipedia/commons/thumb/5/5f/100_views_edo_044.jpg/330px-100_views_edo_044.jpg,330,no
hv-045,Wikimedia Commons,File:100 views edo 062.jpg,Yatsumi Bridge,Utagawa Hiroshige; publisher Uoya Eikichi,1856–58,Public domain (Commons),File:100 views edo 062.jpg,https://thumb.wikimedia.org/wikipedia/commons/thumb/f/fd/100_views_edo_062.jpg/330px-100_views_edo_062.jpg,330,no
hv-046,Wikimedia Commons,File:100 views edo 045.jpg,"Yoroi Ferry, Koami-chō",Utagawa Hiroshige; publisher Uoya Eikichi,1856–58,Public domain (Commons),File:100 views edo 045.jpg,https://thumb.wikimedia.org/wikipedia/commons/thumb/7/77/100_views_edo_045.jpg/330px-100_views_edo_045.jpg,330,no
hv-047,Wikimedia Commons,File:100 views edo 046.jpg,Seidō and Kanda River from Shōhei Bridge,Utagawa Hiroshige; publisher Uoya Eikichi,1856–58,Public domain (Commons),File:100 views edo 046.jpg,https://thumb.wikimedia.org/wikipedia/commons/thumb/9/97/100_views_edo_046.jpg/330px-100_views_edo_046.jpg,330,no
hv-048,Wikimedia Commons,File:100 views edo 063.jpg,Suidō Bridge and the Surugadai Quarter,Utagawa Hiroshige; publisher Uoya Eikichi,1856–58,Public domain (Commons),File:100 views edo 063.jpg,https://thumb.wikimedia.org/wikipedia/commons/thumb/1/11/100_views_edo_063.jpg/330px-100_views_edo_063.jpg,330,no
hv-049,Wikimedia Commons,File:Fudo Wasserfall r.jpg,Fudō Falls in Ōji,Utagawa Hiroshige; publisher Uoya Eikichi,1856–58,Public domain (Commons),File:Fudo Wasserfall r.jpg,https://thumb.wikimedia.org/wikipedia/commons/thumb/6/68/Fudo_Wasserfall_r.jpg/330px-Fudo_Wasserfall_r.jpg,330,no
hv-050,Wikimedia Commons,"File:Hiroshige, Kumanojūnisha Shrine, 1856.jpg","Kumano Jūnisha Shrine at Tsunohazu, known as ""Jūnisō""",Utagawa Hiroshige; publisher Uoya Eikichi,1856–58,Public domain (Commons),"File:Hiroshige, Kumanojūnisha Shrine, 1856.jpg",https://thumb.wikimedia.org/wikipedia/commons/thumb/3/30/Hiroshige%2C_Kumanoj%C5%ABnisha_Shrine%2C_1856.jpg/330px-Hiroshige%2C_Kumanoj%C5%ABnisha_Shrine%2C_1856.jpg,330,no
hv-051,Wikimedia Commons,File:100 views edo 065.jpg,The Sannō  Festival Procession at Kōjimachi itchōme,Utagawa Hiroshige; publisher Uoya Eikichi,1856–58,Public domain (Commons),File:100 views edo 065.jpg,https://thumb.wikimedia.org/wikipedia/commons/thumb/a/a8/100_views_edo_065.jpg/330px-100_views_edo_065.jpg,330,no
hv-052,Wikimedia Commons,File:100 views edo 048.jpg,The Paulownia Garden at Akasaka,Utagawa Hiroshige; publisher Uoya Eikichi,1856–58,Public domain (Commons),File:100 views edo 048.jpg,https://thumb.wikimedia.org/wikipedia/commons/thumb/b/bd/100_views_edo_048.jpg/330px-100_views_edo_048.jpg,330,no
hv-053,Wikimedia Commons,File:100 views edo 049.jpg,The Pagoda of Zōjōji Temple and Akabane,Utagawa Hiroshige; publisher Uoya Eikichi,1856–58,Public domain (Commons),File:100 views edo 049.jpg,https://thumb.wikimedia.org/wikipedia/commons/thumb/d/dd/100_views_edo_049.jpg/330px-100_views_edo_049.jpg,330,no
hv-054,Wikimedia Commons,File:100 views edo 066.jpg,The Benkei Moat from Soto-Sakurada to Kōjimachi,Utagawa Hiroshige; publisher Uoya Eikichi,1856–58,Public domain (Commons),File:100 views edo 066.jpg,https://thumb.wikimedia.org/wikipedia/commons/thumb/6/61/100_views_edo_066.jpg/330px-100_views_edo_066.jpg,330,no
hv-055,Wikimedia Commons,"File:Hiroshige, Sumiyoshi festival, Tsukudajima, 1857.jpg",The Sumiyoshi Festival at Tsukudajima,Utagawa Hiroshige; publisher Uoya Eikichi,1856–58,Public domain (Commons),"File:Hiroshige, Sumiyoshi festival, Tsukudajima, 1857.jpg",https://thumb.wikimedia.org/wikipedia/commons/thumb/7/74/Hiroshige%2C_Sumiyoshi_festival%2C_Tsukudajima%2C_1857.jpg/330px-Hiroshige%2C_Sumiyoshi_festival%2C_Tsukudajima%2C_1857.jpg,330,no
hv-056,Wikimedia Commons,File:100 views edo 051.jpg,Mannen Bridge in Fukagawa,Utagawa Hiroshige; publisher Uoya Eikichi,1856–58,Public domain (Commons),File:100 views edo 051.jpg,https://thumb.wikimedia.org/wikipedia/commons/thumb/2/2b/100_views_edo_051.jpg/330px-100_views_edo_051.jpg,330,no
hv-057,Wikimedia Commons,File:100 views edo 067.jpg,Mitsumata Wakarenofuchi,Utagawa Hiroshige; publisher Uoya Eikichi,1856–58,Public domain (Commons),File:100 views edo 067.jpg,https://thumb.wikimedia.org/wikipedia/commons/thumb/0/06/100_views_edo_067.jpg/330px-100_views_edo_067.jpg,330,no
hv-058,Wikimedia Commons,File:Hiroshige Atake sous une averse soudaine.jpg,Sudden Shower over Shin-Ōhashi bridge and Atake,Utagawa Hiroshige; publisher Uoya Eikichi,1856–58,Public domain (Commons),File:Hiroshige Atake sous une averse soudaine.jpg,https://thumb.wikimedia.org/wikipedia/commons/thumb/c/cc/Hiroshige_Atake_sous_une_averse_soudaine.jpg/330px-Hiroshige_Atake_sous_une_averse_soudaine.jpg,330,no
hv-059,Wikimedia Commons,File:Brooklyn Museum - Ryogoku Bridge and the Great Riverbank No 59 from One Hundred Views of Edo - Utagawa Hiroshige (Ando).jpg,Ryōgoku Bridge and the Great Riverbank,Utagawa Hiroshige; publisher Uoya Eikichi,1856–58,Public domain (Commons),File:Brooklyn Museum - Ryogoku Bridge and the Great Riverbank No 59 from One Hundred Views of Edo - Utagawa Hiroshige (Ando).jpg,https://thumb.wikimedia.org/wikipedia/commons/thumb/d/dc/Brooklyn_Museum_-_Ryogoku_Bridge_and_the_Great_Riverbank_No_59_from_One_Hundred_Views_of_Edo_-_Utagawa_Hiroshige_%28Ando%29.jpg/330px-Brooklyn_Museum_-_Ryogoku_Bridge_and_the_Great_Riverbank_No_59_from_One_Hundred_Views_of_Edo_-_Utagawa_Hiroshige_%28Ando%29.jpg,330,no
hv-060,Wikimedia Commons,File:100 views edo 068.jpg,"Asakusa River, Miyato River, Great Riverbank",Utagawa Hiroshige; publisher Uoya Eikichi,1856–58,Public domain (Commons),File:100 views edo 068.jpg,https://thumb.wikimedia.org/wikipedia/commons/thumb/f/fc/100_views_edo_068.jpg/330px-100_views_edo_068.jpg,330,no
hv-061,Wikimedia Commons,File:100 views edo oumaya.jpg,"The ""Pine of Success"" and Oumayagashi on the Asakusa River",Utagawa Hiroshige; publisher Uoya Eikichi,1856–58,Public domain (Commons),File:100 views edo oumaya.jpg,https://thumb.wikimedia.org/wikipedia/commons/thumb/a/a9/100_views_edo_oumaya.jpg/330px-100_views_edo_oumaya.jpg,330,no
hv-062,Wikimedia Commons,File:100 views edo 055.jpg,Komakata Hall and Azuma Bridge,Utagawa Hiroshige; publisher Uoya Eikichi,1856–58,Public domain (Commons),File:100 views edo 055.jpg,https://thumb.wikimedia.org/wikipedia/commons/thumb/3/31/100_views_edo_055.jpg/330px-100_views_edo_055.jpg,330,no
hv-063,Wikimedia Commons,File:100 views edo 069.jpg,The Ayase River and Kanegafuchi,Utagawa Hiroshige; publisher Uoya Eikichi,1856–58,Public domain (Commons),File:100 views edo 069.jpg,https://thumb.wikimedia.org/wikipedia/commons/thumb/b/bf/100_views_edo_069.jpg/330px-100_views_edo_069.jpg,330,no
hv-064,Wikimedia Commons,"File:Hiroshige, Horikiri iris garden, 1857.jpg",Horikiri Iris Garden,Utagawa Hiroshige; publisher Uoya Eikichi,1856–58,Public domain (Commons),"File:Hiroshige, Horikiri iris garden, 1857.jpg",https://thumb.wikimedia.org/wikipedia/commons/thumb/8/8b/Hiroshige%2C_Horikiri_iris_garden%2C_1857.jpg/330px-Hiroshige%2C_Horikiri_iris_garden%2C_1857.jpg,330,no
hv-065,Wikimedia Commons,File:100 views edo 057.jpg,Inside Kameido Tenjin Shrine,Utagawa Hiroshige; publisher Uoya Eikichi,1856–58,Public domain (Commons),File:100 views edo 057.jpg,https://thumb.wikimedia.org/wikipedia/commons/thumb/a/a3/100_views_edo_057.jpg/330px-100_views_edo_057.jpg,330,no
hv-066,Wikimedia Commons,File:100 views edo 070.jpg,The Sazaidō Hall at the Five Hundred Rakan Temple,Utagawa Hiroshige; publisher Uoya Eikichi,1856–58,Public domain (Commons),File:100 views edo 070.jpg,https://thumb.wikimedia.org/wikipedia/commons/thumb/4/44/100_views_edo_070.jpg/330px-100_views_edo_070.jpg,330,no
hv-067,Wikimedia Commons,File:100 views edo 058.jpg,The Ferry at Sakasai,Utagawa Hiroshige; publisher Uoya Eikichi,1856–58,Public domain (Commons),File:100 views edo 058.jpg,https://thumb.wikimedia.org/wikipedia/commons/thumb/b/b6/100_views_edo_058.jpg/330px-100_views_edo_058.jpg,330,no
hv-068,Wikimedia Commons,File:100 views edo 059.jpg,Open Garden at the Hachiman Shrine in Fukagawa,Utagawa Hiroshige; publisher Uoya Eikichi,1856–58,Public domain (Commons),File:100 views edo 059.jpg,https://thumb.wikimedia.org/wikipedia/commons/thumb/e/e6/100_views_edo_059.jpg/330px-100_views_edo_059.jpg,330,no
hv-069,Wikimedia Commons,File:100 views edo 071.jpg,Sanjusangendō Hall in Fukagawa,Utagawa Hiroshige; publisher Uoya Eikichi,1856–58,Public domain (Commons),File:100 views edo 071.jpg,https://thumb.wikimedia.org/wikipedia/commons/thumb/3/36/100_views_edo_071.jpg/330px-100_views_edo_071.jpg,330,no
hv-070,Wikimedia Commons,File:100 views edo 060.jpg,The mouth of the Nakagawa River,Utagawa Hiroshige; publisher Uoya Eikichi,1856–58,Public domain (Commons),File:100 views edo 060.jpg,https://thumb.wikimedia.org/wikipedia/commons/thumb/4/48/100_views_edo_060.jpg/330px-100_views_edo_060.jpg,330,no
hv-071,Wikimedia Commons,File:100 views edo 061.jpg,Scattered Pines on the Tone River,Utagawa Hiroshige; publisher Uoya Eikichi,1856–58,Public domain (Commons),File:100 views edo 061.jpg,https://thumb.wikimedia.org/wikipedia/commons/thumb/5/5c/100_views_edo_061.jpg/330px-100_views_edo_061.jpg,330,no
hv-072,Wikimedia Commons,File:100 views edo 072.jpg,The Ferry at Haneda and the Benten Shrine,Utagawa Hiroshige; publisher Uoya Eikichi,1856–58,Public domain (Commons),File:100 views edo 072.jpg,https://thumb.wikimedia.org/wikipedia/commons/thumb/6/62/100_views_edo_072.jpg/330px-100_views_edo_072.jpg,330,no
hv-073,Wikimedia Commons,File:100 views edo 073.jpg,"The City Flourishing, the Tanabata Festival",Utagawa Hiroshige; publisher Uoya Eikichi,1856–58,Public domain (Commons),File:100 views edo 073.jpg,https://thumb.wikimedia.org/wikipedia/commons/thumb/3/36/100_views_edo_073.jpg/330px-100_views_edo_073.jpg,330,no
hv-074,Wikimedia Commons,File:100 views edo 074.jpg,Silk Shops in Ōdenma-chō,Utagawa Hiroshige; publisher Uoya Eikichi,1856–58,Public domain (Commons),File:100 views edo 074.jpg,https://thumb.wikimedia.org/wikipedia/commons/thumb/d/dd/100_views_edo_074.jpg/330px-100_views_edo_074.jpg,330,no
hv-075,Wikimedia Commons,File:Hiroshige Le quartier des teinturiers de Kanda.jpg,The Dyers' Quarter in Kanda,Utagawa Hiroshige; publisher Uoya Eikichi,1856–58,Public domain (Commons),File:Hiroshige Le quartier des teinturiers de Kanda.jpg,https://thumb.wikimedia.org/wikipedia/commons/thumb/1/16/Hiroshige_Le_quartier_des_teinturiers_de_Kanda.jpg/330px-Hiroshige_Le_quartier_des_teinturiers_de_Kanda.jpg,330,no
hv-076,Wikimedia Commons,File:100 views edo 076.jpg,Bamboo Quay by Kyōbashi Bridge,Utagawa Hiroshige; publisher Uoya Eikichi,1856–58,Public domain (Commons),File:100 views edo 076.jpg,https://thumb.wikimedia.org/wikipedia/commons/thumb/a/a4/100_views_edo_076.jpg/330px-100_views_edo_076.jpg,330,no
hv-077,Wikimedia Commons,File:100 views edo 077.jpg,Inari Bridge and the Minato Shrine in Teppōzu,Utagawa Hiroshige; publisher Uoya Eikichi,1856–58,Public domain (Commons),File:100 views edo 077.jpg,https://thumb.wikimedia.org/wikipedia/commons/thumb/d/db/100_views_edo_077.jpg/330px-100_views_edo_077.jpg,330,no
hv-078,Wikimedia Commons,File:100 views edo 078.jpg,Teppōzu and Tsukiji Monzeki Temple,Utagawa Hiroshige; publisher Uoya Eikichi,1856–58,Public domain (Commons),File:100 views edo 078.jpg,https://thumb.wikimedia.org/wikipedia/commons/thumb/1/19/100_views_edo_078.jpg/330px-100_views_edo_078.jpg,330,no
hv-079,Wikimedia Commons,File:100 views edo 079.jpg,Shiba Shinmei Shrine and Zōjōji Temple,Utagawa Hiroshige; publisher Uoya Eikichi,1856–58,Public domain (Commons),File:100 views edo 079.jpg,https://thumb.wikimedia.org/wikipedia/commons/thumb/4/45/100_views_edo_079.jpg/330px-100_views_edo_079.jpg,330,no
hv-080,Wikimedia Commons,File:100 views edo 080.jpg,Kanasugi Bridge and Shibaura,Utagawa Hiroshige; publisher Uoya Eikichi,1856–58,Public domain (Commons),File:100 views edo 080.jpg,https://thumb.wikimedia.org/wikipedia/commons/thumb/7/7f/100_views_edo_080.jpg/330px-100_views_edo_080.jpg,330,no
hv-081,Wikimedia Commons,File:100 views edo 081.jpg,Ushimachi in Takanawa,Utagawa Hiroshige; publisher Uoya Eikichi,1856–58,Public domain (Commons),File:100 views edo 081.jpg,https://thumb.wikimedia.org/wikipedia/commons/thumb/3/37/100_views_edo_081.jpg/330px-100_views_edo_081.jpg,330,no
hv-082,Wikimedia Commons,File:100 views edo 082.jpg,Moon Viewing,Utagawa Hiroshige; publisher Uoya Eikichi,1856–58,Public domain (Commons),File:100 views edo 082.jpg,https://thumb.wikimedia.org/wikipedia/commons/thumb/5/57/100_views_edo_082.jpg/330px-100_views_edo_082.jpg,330,no
hv-083,Wikimedia Commons,File:100 views edo 083.jpg,Shinagawa Susaki,Utagawa Hiroshige; publisher Uoya Eikichi,1856–58,Public domain (Commons),File:100 views edo 083.jpg,https://thumb.wikimedia.org/wikipedia/commons/thumb/0/0d/100_views_edo_083.jpg/330px-100_views_edo_083.jpg,330,no
hv-084,Wikimedia Commons,File:100 views edo 084.jpg,"""Grandpa's Teahouse"" in Meguro",Utagawa Hiroshige; publisher Uoya Eikichi,1856–58,Public domain (Commons),File:100 views edo 084.jpg,https://thumb.wikimedia.org/wikipedia/commons/thumb/d/d6/100_views_edo_084.jpg/330px-100_views_edo_084.jpg,330,no
hv-085,Wikimedia Commons,File:100 views edo 085.jpg,Kinokuni Hill and Distant View of Akasaka and the Tameike Pond,Utagawa Hiroshige; publisher Uoya Eikichi,1856–58,Public domain (Commons),File:100 views edo 085.jpg,https://thumb.wikimedia.org/wikipedia/commons/thumb/e/ef/100_views_edo_085.jpg/330px-100_views_edo_085.jpg,330,no
hv-086,Wikimedia Commons,File:100 views edo 086.jpg,Naitō Shinjuku in Yotsuya,Utagawa Hiroshige; publisher Uoya Eikichi,1856–58,Public domain (Commons),File:100 views edo 086.jpg,https://thumb.wikimedia.org/wikipedia/commons/thumb/a/a3/100_views_edo_086.jpg/330px-100_views_edo_086.jpg,330,no
hv-087,Wikimedia Commons,File:100 views edo 087.jpg,Benten Shrine at the Inokashira Pond,Utagawa Hiroshige; publisher Uoya Eikichi,1856–58,Public domain (Commons),File:100 views edo 087.jpg,https://thumb.wikimedia.org/wikipedia/commons/thumb/7/7c/100_views_edo_087.jpg/330px-100_views_edo_087.jpg,330,no
hv-088,Wikimedia Commons,File:100 views edo 088.jpg,Takinogawa in Ōji,Utagawa Hiroshige; publisher Uoya Eikichi,1856–58,Public domain (Commons),File:100 views edo 088.jpg,https://thumb.wikimedia.org/wikipedia/commons/thumb/e/e3/100_views_edo_088.jpg/330px-100_views_edo_088.jpg,330,no
hv-089,Wikimedia Commons,File:100 views edo 089.jpg,"""Moon Pine"" in Ueno",Utagawa Hiroshige; publisher Uoya Eikichi,1856–58,Public domain (Commons),File:100 views edo 089.jpg,https://thumb.wikimedia.org/wikipedia/commons/thumb/f/fb/100_views_edo_089.jpg/330px-100_views_edo_089.jpg,330,no
hv-090,Wikimedia Commons,"File:Hiroshige, Night View of Saruwaka-machi.jpg",Night View of Saruwaka-machi,Utagawa Hiroshige; publisher Uoya Eikichi,1856–58,Public domain (Commons),"File:Hiroshige, Night View of Saruwaka-machi.jpg",https://thumb.wikimedia.org/wikipedia/commons/thumb/f/f0/Hiroshige%2C_Night_View_of_Saruwaka-machi.jpg/330px-Hiroshige%2C_Night_View_of_Saruwaka-machi.jpg,330,no
hv-091,Wikimedia Commons,File:100 views edo 091.jpg,In the Akiba Shrine at Ukeji,Utagawa Hiroshige; publisher Uoya Eikichi,1856–58,Public domain (Commons),File:100 views edo 091.jpg,https://thumb.wikimedia.org/wikipedia/commons/thumb/2/20/100_views_edo_091.jpg/330px-100_views_edo_091.jpg,330,no
hv-092,Wikimedia Commons,File:100 views edo 092.jpg,Mokuboji Temple and Vegetable Fields on Uchigawa Inlet,Utagawa Hiroshige; publisher Uoya Eikichi,1856–58,Public domain (Commons),File:100 views edo 092.jpg,https://thumb.wikimedia.org/wikipedia/commons/thumb/f/f3/100_views_edo_092.jpg/330px-100_views_edo_092.jpg,330,no
hv-093,Wikimedia Commons,File:100 views edo 093.jpg,Niijuku Ferry,Utagawa Hiroshige; publisher Uoya Eikichi,1856–58,Public domain (Commons),File:100 views edo 093.jpg,https://thumb.wikimedia.org/wikipedia/commons/thumb/4/4d/100_views_edo_093.jpg/330px-100_views_edo_093.jpg,330,no
hv-094,Wikimedia Commons,File:100 views edo 094.jpg,"The Maple Trees at Mama, the Tekona Shrine and Tsugihashi Bridge",Utagawa Hiroshige; publisher Uoya Eikichi,1856–58,Public domain (Commons),File:100 views edo 094.jpg,https://thumb.wikimedia.org/wikipedia/commons/thumb/1/11/100_views_edo_094.jpg/330px-100_views_edo_094.jpg,330,no
hv-095,Wikimedia Commons,File:100 views edo 095.jpg,View of Kōnodai and the Tone River,Utagawa Hiroshige; publisher Uoya Eikichi,1856–58,Public domain (Commons),File:100 views edo 095.jpg,https://thumb.wikimedia.org/wikipedia/commons/thumb/b/bd/100_views_edo_095.jpg/330px-100_views_edo_095.jpg,330,no
hv-096,Wikimedia Commons,File:100 views edo 096.jpg,Horie and Nekozane,Utagawa Hiroshige; publisher Uoya Eikichi,1856–58,Public domain (Commons),File:100 views edo 096.jpg,https://thumb.wikimedia.org/wikipedia/commons/thumb/e/ee/100_views_edo_096.jpg/330px-100_views_edo_096.jpg,330,no
hv-097,Wikimedia Commons,File:100 views edo 097.jpg,"""Five Pines"" and the Onagi Canal",Utagawa Hiroshige; publisher Uoya Eikichi,1856–58,Public domain (Commons),File:100 views edo 097.jpg,https://thumb.wikimedia.org/wikipedia/commons/thumb/e/e7/100_views_edo_097.jpg/330px-100_views_edo_097.jpg,330,no
hv-098,Wikimedia Commons,File:100 views edo 098.jpg,Fireworks by Ryōgoku Bridge,Utagawa Hiroshige; publisher Uoya Eikichi,1856–58,Public domain (Commons),File:100 views edo 098.jpg,https://thumb.wikimedia.org/wikipedia/commons/thumb/e/e6/100_views_edo_098.jpg/330px-100_views_edo_098.jpg,330,no
hv-099,Wikimedia Commons,File:100 views edo 099.jpg,Kinryūzan Temple in Asakusa,Utagawa Hiroshige; publisher Uoya Eikichi,1856–58,Public domain (Commons),File:100 views edo 099.jpg,https://thumb.wikimedia.org/wikipedia/commons/thumb/d/df/100_views_edo_099.jpg/330px-100_views_edo_099.jpg,330,no
hv-100,Wikimedia Commons,File:100 views edo 100.jpg,Nihon Embankment and Yoshiwara,Utagawa Hiroshige; publisher Uoya Eikichi,1856–58,Public domain (Commons),File:100 views edo 100.jpg,https://thumb.wikimedia.org/wikipedia/commons/thumb/e/e6/100_views_edo_100.jpg/330px-100_views_edo_100.jpg,330,no
hv-101,Wikimedia Commons,File:100 views edo 101.jpg,Asakusa Ricefields and Torinomachi Festival,Utagawa Hiroshige; publisher Uoya Eikichi,1856–58,Public domain (Commons),File:100 views edo 101.jpg,https://thumb.wikimedia.org/wikipedia/commons/thumb/d/d1/100_views_edo_101.jpg/330px-100_views_edo_101.jpg,330,no
hv-102,Wikimedia Commons,"File:Hiroshige, Minowa, Kanasugi, Mikawashima, 1857.jpg","Minowa, Kanasugi and Mikawashima",Utagawa Hiroshige; publisher Uoya Eikichi,1856–58,Public domain (Commons),"File:Hiroshige, Minowa, Kanasugi, Mikawashima, 1857.jpg",https://thumb.wikimedia.org/wikipedia/commons/thumb/f/f1/Hiroshige%2C_Minowa%2C_Kanasugi%2C_Mikawashima%2C_1857.jpg/330px-Hiroshige%2C_Minowa%2C_Kanasugi%2C_Mikawashima%2C_1857.jpg,330,no
hv-103,Wikimedia Commons,File:100 views edo 103.jpg,Senju Great Bridge,Utagawa Hiroshige; publisher Uoya Eikichi,1856–58,Public domain (Commons),File:100 views edo 103.jpg,https://thumb.wikimedia.org/wikipedia/commons/thumb/a/a0/100_views_edo_103.jpg/330px-100_views_edo_103.jpg,330,no
hv-104,Wikimedia Commons,File:100 views edo 104.jpg,Koume Embankment,Utagawa Hiroshige; publisher Uoya Eikichi,1856–58,Public domain (Commons),File:100 views edo 104.jpg,https://thumb.wikimedia.org/wikipedia/commons/thumb/2/2b/100_views_edo_104.jpg/330px-100_views_edo_104.jpg,330,no
hv-105,Wikimedia Commons,File:100 views edo 105.jpg,Oumayagashi,Utagawa Hiroshige; publisher Uoya Eikichi,1856–58,Public domain (Commons),File:100 views edo 105.jpg,https://thumb.wikimedia.org/wikipedia/commons/thumb/8/80/100_views_edo_105.jpg/330px-100_views_edo_105.jpg,330,no
hv-106,Wikimedia Commons,File:100 views edo 106.jpg,The Fukagawa Lumberyards,Utagawa Hiroshige; publisher Uoya Eikichi,1856–58,Public domain (Commons),File:100 views edo 106.jpg,https://thumb.wikimedia.org/wikipedia/commons/thumb/e/ec/100_views_edo_106.jpg/330px-100_views_edo_106.jpg,330,no
hv-107,Wikimedia Commons,File:100 views edo 107.jpg,Fukagawa Susaki and Jūmantsubo,Utagawa Hiroshige; publisher Uoya Eikichi,1856–58,Public domain (Commons),File:100 views edo 107.jpg,https://thumb.wikimedia.org/wikipedia/commons/thumb/6/67/100_views_edo_107.jpg/330px-100_views_edo_107.jpg,330,no
hv-108,Wikimedia Commons,File:100 views edo 108.jpg,View of Shiba Coast,Utagawa Hiroshige; publisher Uoya Eikichi,1856–58,Public domain (Commons),File:100 views edo 108.jpg,https://thumb.wikimedia.org/wikipedia/commons/thumb/6/68/100_views_edo_108.jpg/330px-100_views_edo_108.jpg,330,no
hv-109,Wikimedia Commons,File:100 views edo 109.jpg,Minami Shinagawa and Samezu Coast,Utagawa Hiroshige; publisher Uoya Eikichi,1856–58,Public domain (Commons),File:100 views edo 109.jpg,https://thumb.wikimedia.org/wikipedia/commons/thumb/d/d0/100_views_edo_109.jpg/330px-100_views_edo_109.jpg,330,no
hv-110,Wikimedia Commons,File:100 views edo 110.jpg,"""Robe-Hanging Pine"" at Senzoku no ike",Utagawa Hiroshige; publisher Uoya Eikichi,1856–58,Public domain (Commons),File:100 views edo 110.jpg,https://thumb.wikimedia.org/wikipedia/commons/thumb/9/94/100_views_edo_110.jpg/330px-100_views_edo_110.jpg,330,no
hv-111,Wikimedia Commons,File:100 views edo 111.jpg,Meguro Drum Bridge and Sunset Hill,Utagawa Hiroshige; publisher Uoya Eikichi,1856–58,Public domain (Commons),File:100 views edo 111.jpg,https://thumb.wikimedia.org/wikipedia/commons/thumb/f/fc/100_views_edo_111.jpg/330px-100_views_edo_111.jpg,330,no
hv-112,Wikimedia Commons,File:100 views edo 112.jpg,Atagoshita and Yabu Lane,Utagawa Hiroshige; publisher Uoya Eikichi,1856–58,Public domain (Commons),File:100 views edo 112.jpg,https://thumb.wikimedia.org/wikipedia/commons/thumb/6/6c/100_views_edo_112.jpg/330px-100_views_edo_112.jpg,330,no
hv-113,Wikimedia Commons,File:100 views edo 113.jpg,Aoi Slope outside Toranomon gate,Utagawa Hiroshige; publisher Uoya Eikichi,1856–58,Public domain (Commons),File:100 views edo 113.jpg,https://thumb.wikimedia.org/wikipedia/commons/thumb/5/5e/100_views_edo_113.jpg/330px-100_views_edo_113.jpg,330,no
hv-114,Wikimedia Commons,File:100 views edo 114.jpg,Bikuni Bridge in Snow,Utagawa Hiroshige; publisher Uoya Eikichi,1856–58,Public domain (Commons),File:100 views edo 114.jpg,https://thumb.wikimedia.org/wikipedia/commons/thumb/7/72/100_views_edo_114.jpg/330px-100_views_edo_114.jpg,330,no
hv-115,Wikimedia Commons,File:100 views edo 115.jpg,The Takata Riding Grounds,Utagawa Hiroshige; publisher Uoya Eikichi,1856–58,Public domain (Commons),File:100 views edo 115.jpg,https://thumb.wikimedia.org/wikipedia/commons/thumb/2/2f/100_views_edo_115.jpg/330px-100_views_edo_115.jpg,330,no
hv-116,Wikimedia Commons,File:100 views edo 116.jpg,"Sugatami Bridge, Omokage Bridge and Jariba at Takata",Utagawa Hiroshige; publisher Uoya Eikichi,1856–58,Public domain (Commons),File:100 views edo 116.jpg,https://thumb.wikimedia.org/wikipedia/commons/thumb/8/80/100_views_edo_116.jpg/330px-100_views_edo_116.jpg,330,no
hv-117,Wikimedia Commons,File:100 views edo 117.jpg,View from the Hilltop of Yushima Tenjin Shrine,Utagawa Hiroshige; publisher Uoya Eikichi,1856–58,Public domain (Commons),File:100 views edo 117.jpg,https://thumb.wikimedia.org/wikipedia/commons/thumb/4/48/100_views_edo_117.jpg/330px-100_views_edo_117.jpg,330,no
hv-118,Wikimedia Commons,"File:Hiroshige, New Year's Eve foxfires at the changing tree, Oji, 1857.jpg",Kitsunebi on New Year's Night under the Enoki Tree near Ōji,Utagawa Hiroshige; publisher Uoya Eikichi,1856–58,Public domain (Commons),"File:Hiroshige, New Year's Eve foxfires at the changing tree, Oji, 1857.jpg",https://thumb.wikimedia.org/wikipedia/commons/thumb/9/90/Hiroshige%2C_New_Year%27s_Eve_foxfires_at_the_changing_tree%2C_Oji%2C_1857.jpg/330px-Hiroshige%2C_New_Year%27s_Eve_foxfires_at_the_changing_tree%2C_Oji%2C_1857.jpg,330,no
hv-119,Wikimedia Commons,File:Brooklyn Museum - View of the Kiribata (Paulownia Imperiales) Trees at Akasaka on a Rainy Evening - Utagawa Hiroshige II.jpg,View of the Paulownia Imperiales Trees at Akasaka on a Rainy Evening,Utagawa Hiroshige; publisher Uoya Eikichi,1856–58,Public domain (Commons),File:Brooklyn Museum - View of the Kiribata (Paulownia Imperiales) Trees at Akasaka on a Rainy Evening - Utagawa Hiroshige II.jpg,https://thumb.wikimedia.org/wikipedia/commons/thumb/a/a8/Brooklyn_Museum_-_View_of_the_Kiribata_%28Paulownia_Imperiales%29_Trees_at_Akasaka_on_a_Rainy_Evening_-_Utagawa_Hiroshige_II.jpg/330px-Brooklyn_Museum_-_View_of_the_Kiribata_%28Paulownia_Imperiales%29_Trees_at_Akasaka_on_a_Rainy_Evening_-_Utagawa_Hiroshige_II.jpg,330,no
