id,holder,accession,api_id,title,maker,date,licence,credit,url,notes
met-37358,The Metropolitan Museum of Art,JP2822,37358,Kabuki Actor Ōtani Oniji III as Yakko Edobei,Tōshūsai Sharaku,1794,CC0 (Met Open Access; isPublicDomain=true),"Henry L. Phillips Collection, Bequest of Henry L. Phillips, 1939",https://images.metmuseum.org/CRDImages/as/original/DP130228.jpg,"[need a] Met API isPublicDomain=true; medium: woodblock print, ink, color and white mica. Publisher not named in the API record. objectURL https://www.metmuseum.org/art/collection/search/37358"
aic-18811,Art Institute of Chicago,1934.215,18811,Naritaya Sansho (The actor Ichikawa Danjuro VI as Arakawa Taro Takesada),Toshusai Sharaku,1794,Public domain (AIC is_public_domain=true; CC0 data),Clarence Buckingham Collection,"https://www.artic.edu/iiif/2/ebcc6d82-5211-44e9-8892-fbb2e0f1cae9/full/843,/0/default.jpg",[need a2] Alternate for (a): AIC record names 'Publisher: Tsuta-Ya Juzaburo'. URL = AIC config.iiif_url + image_id (AIC documented IIIF pattern; 843px width = AIC-documented standard size)
cma-118833,Cleveland Museum of Art,1940.1031,118833,Woman Holding a Fan (from the series Ten Aspects of the Physiognomy of Women),Kitagawa Utamaro,c. 1793,CC0,Bequest of James Parmelee,https://openaccess-cdn.clevelandart.org/1940.1031/1940.1031_print.jpg,"[need b] CMA inscriptions field: 'Signature: Sōmi Utamaro ga (Utamaro, the physiognomist).' / 'Publisher: Tsutaya Jūzaburo (emblem). Censorship Seal: kiwame.' Met's Utamaro/Tsutaya hits were Ehon mushi erami pages (1788) whose API records do not describe seals, so CMA preferred."
met-56874,The Metropolitan Museum of Art,JP2438,56874,Visit to a Shrine at the Hour of the Ox (Ushi no toki mairi),Suzuki Harunobu,1765,CC0 (Met Open Access; isPublicDomain=true),"The Howard Mansfield Collection, Purchase, Rogers Fund, 1936",https://images.metmuseum.org/CRDImages/as/original/DP119501.jpg,"[need c] Dated 1765 (objectBeginDate=objectEndDate=1765), chūban; returned by Met search 'Harunobu calendar' but the API record itself does not state it is an e-goyomi — verify on the object page before calling it a calendar print."
met-57679,The Metropolitan Museum of Art,JIB81.1,57679,"Transmitting the Spirit, Revealing the Form of Things: Hokusai Sketchbooks, first volume (Denshin kaishu: Hokusai manga, shohen)",Katsushika Hokusai,after 1828,CC0 (Met Open Access; isPublicDomain=true),"Rogers Fund, 1931",https://images.metmuseum.org/CRDImages/as/original/JIB_81_1_Preface_1_sf.JPG,"[need d] primaryImage is preface page 1; additionalImages include JIB81_1_d_MM52472.JPG, front/back cover, preface 2. Later printing (after 1828) of vol. 1 (first pub. 1814)."
commons-Namazu-e_-_Kashima_controls_namazu.jpg,Wikimedia Commons,File:Namazu-e - Kashima controls namazu.jpg,,Namazu-e: Kashima controls Namazu with his sword,Unknown,Edo - 1855,Public domain (Commons extmetadata LicenseShortName),"鯰絵コレクション (Namazu-e collection), International Research Center for Japanese Studies (per Commons Credit)",https://upload.wikimedia.org/wikipedia/commons/4/43/Namazu-e_-_Kashima_controls_namazu.jpg,"[need e] Original 440x622 px (<1920) so Commons imageinfo url given. Alternate: File:Kashima-kanameishi-shinzu-namazu-e.jpg (ca. 1855, 540x800, PD)."
"commons-Seichu_Gishi_Den_(BM_1906,1220,0.1163).jpg",Wikimedia Commons,"File:Seichu Gishi Den (BM 1906,1220,0.1163).jpg",,Seichū gishi den no. 14 (誠忠義士伝 十四): Ōtaka Gengo Tadao,Utagawa Kuniyoshi,circa 1850 (Commons date; series usually dated 1847–48),Public domain (Commons extmetadata LicenseShortName),"British Museum 1906,1220,0.1163 (https://www.britishmuseum.org/collection/object/A_1906-1220-0-1163)",https://upload.wikimedia.org/wikipedia/commons/8/89/Seichu_Gishi_Den_%28BM_1906%2C1220%2C0.1163%29.jpg,"[need f] Commons ImageDescription: ""Otaka Gengo Tadao with an account of his exploits""; original 1109x1600 px so url given. No Met/CMA/AIC open Kuniyoshi sheet found (Met 55727 is Kunisada/Kunichika)."
commons-Hiroshige-53-Stations-Hoeido-02-Shinagawa-MIA-01.jpg,Wikimedia Commons,File:Hiroshige-53-Stations-Hoeido-02-Shinagawa-MIA-01.jpg,,"Shinagawa, Hōeidō Tōkaidō",Utagawa Hiroshige,circa 1833/35,Public domain (Commons extmetadata LicenseShortName),Minneapolis Institute of Art (per Commons Credit),https://upload.wikimedia.org/wikipedia/commons/5/5d/Hiroshige-53-Stations-Hoeido-02-Shinagawa-MIA-01.jpg,[need g] Station: Shinagawa. 770x495 px original (url) – low resolution.
commons-Hiroshige-53-Stations-Hoeido-04-Kanagawa-BM-03.jpg,Wikimedia Commons,File:Hiroshige-53-Stations-Hoeido-04-Kanagawa-BM-03.jpg,,"Kanagawa, Hōeidō Tōkaidō",Utagawa Hiroshige,circa 1833/35,Public domain (Commons extmetadata LicenseShortName),British Museum (per Commons Credit),https://upload.wikimedia.org/wikipedia/commons/e/e2/Hiroshige-53-Stations-Hoeido-04-Kanagawa-BM-03.jpg,[need g] Station: Kanagawa. 712x472 px original (url) – low resolution.
commons-Hiroshige-53-Stations-Hoeido-11-Hakone-MFA-01.jpg,Wikimedia Commons,File:Hiroshige-53-Stations-Hoeido-11-Hakone-MFA-01.jpg,,"Hakone, Hōeidō Tōkaidō",Utagawa Hiroshige,circa 1833/35,Public domain (Commons extmetadata LicenseShortName),"Museum of Fine Arts, Boston (per Commons Credit)",https://upload.wikimedia.org/wikipedia/commons/f/f5/Hiroshige-53-Stations-Hoeido-11-Hakone-MFA-01.jpg,[need g] Station: Hakone. 1564x1010 px original (url).
aic-10926,Art Institute of Chicago,1932.170,10926,"Mishima: Morning Mist (Mishima, asagiri), from the series ""Fifty-three Stations of the Tokaido Road"", also known as the Hoeido Tokaido",Utagawa Hiroshige,c. 1833/34,Public domain (AIC is_public_domain=true),Gift of H. R. Warner,"https://www.artic.edu/iiif/2/c047003a-949c-a581-7c5a-2c415e8cac75/full/843,/0/default.jpg","[need g] Station: Mishima (Morning Mist). URL built from AIC API image_id + config.iiif_url (https://www.artic.edu/iiif/2), 843px = AIC-documented size."
commons-Hiroshige-53-Stations-Hoeido-16-Kanbara-MFA-02.jpg,Wikimedia Commons,File:Hiroshige-53-Stations-Hoeido-16-Kanbara-MFA-02.jpg,,"Kanbara (Night Snow), Hōeidō Tōkaidō",Utagawa Hiroshige,circa 1833/35,Public domain (Commons extmetadata LicenseShortName),"Museum of Fine Arts, Boston (per Commons Credit)",https://thumb.wikimedia.org/wikipedia/commons/thumb/9/98/Hiroshige-53-Stations-Hoeido-16-Kanbara-MFA-02.jpg/1920px-Hiroshige-53-Stations-Hoeido-16-Kanbara-MFA-02.jpg,[need g] Station: Kanbara (Night Snow). thumburl at 1920 (original 2000 px).
aic-18255,Art Institute of Chicago,1963.666,18255,"Yui: Satta Peak (Yui, Satta mine), from the series ""Fifty-three Stations of the Tokaido Road"", also known as the Hoeido Tokaido",Utagawa Hiroshige,c. 1833/34,Public domain (AIC is_public_domain=true),Gift of Mr. and Mrs. Harold G. Henderson,"https://www.artic.edu/iiif/2/216c13e0-3d93-4794-7ca9-71d38af7ac6d/full/843,/0/default.jpg","[need g] Station: Yui (Satta Pass/Peak). URL built from AIC API image_id + config.iiif_url (https://www.artic.edu/iiif/2), 843px = AIC-documented size."
aic-25761,Art Institute of Chicago,1925.3553,25761,"Shono: Driving Rain (Shono hakuu), from the series ""Fifty-three Stations of the Tokaido"", also known as the Hoeido Tokaido",Utagawa Hiroshige,c. 1833-34,Public domain (AIC is_public_domain=true),Clarence Buckingham Collection,"https://www.artic.edu/iiif/2/998c262b-75e6-b711-1586-5bb33ddb74ce/full/843,/0/default.jpg","[need g] Station: Shōno (Driving Rain). Alternate AIC 130691 (1964.1057c, Bequest of Russell Tyson, image_id 59aaddd6-cb2d-25b6-b0f6-e95042fce0a5). URL built from AIC API image_id + config.iiif_url (https://www.artic.edu/iiif/2), 843px = AIC-documented size."
aic-25789,Art Institute of Chicago,1925.3563,25789,"Kyoto: The Great Bridge at Sanjo (Keishi, Sanjo ohashi), from the series ""Fifty-three Stations of the Tokaido"", also known as the Hoeido Tokaido",Utagawa Hiroshige,c. 1833/34,Public domain (AIC is_public_domain=true),Clarence Buckingham Collection,"https://www.artic.edu/iiif/2/2f21e6b9-2530-b8bc-fe3f-a9daac6645a9/full/843,/0/default.jpg","[need g] Station: Kyoto (Sanjō Bridge). URL built from AIC API image_id + config.iiif_url (https://www.artic.edu/iiif/2), 843px = AIC-documented size."
cma-160300,Cleveland Museum of Art,1998.178,160300,Operating on Guan Yu's Arm,Katsushika Ōi,1840s,CC0,Kelvin Smith Fund,https://openaccess-cdn.clevelandart.org/1998.178/1998.178_print.jpg,"[need h] Hanging scroll; ink, color, and gold on silk. CMA creator bio: 'Ōi was Hokusai's third daughter...'"
aic-26577,Art Institute of Chicago,1925.3752,26577,"Plum Garden at Kameido (Kameido Umeyashiki), from the series ""One Hundred Famous Views of Edo (Meisho Edo hyakkei)""",Utagawa Hiroshige,1857,Public domain (AIC is_public_domain=true),Clarence Buckingham Collection,"https://www.artic.edu/iiif/2/89a2332f-be15-8e05-bc79-778738fdc1ef/full/843,/0/default.jpg","[need i] Hundred Famous Views no. 30. URL built from AIC API image_id + config.iiif_url (https://www.artic.edu/iiif/2), 843px = AIC-documented size."
aic-23929,Art Institute of Chicago,1937.270,23929,The actor Ichikawa Danjuro VII,Utagawa Kunisada I (Toyokuni III),1826,Public domain (AIC is_public_domain=true),Judson D. Metzger Collection,"https://www.artic.edu/iiif/2/87738de4-eebb-bff2-95eb-500e37463300/full/843,/0/default.jpg","[need j] AIC IIIF URL built from API image_id + config.iiif_url. (CMA 1985.333 Kunisada Danjūrō VII is dated 1814, outside 1820s–30s.)"
commons-Doll_Shop_of_Jikken_LACMA_M.2006.136.153.jpg,Wikimedia Commons,File:Doll Shop of Jikken LACMA M.2006.136.153.jpg,,Print Shop (絵草紙店 Ezōshi-ten) [formerly titled Doll Shop of Jikken],Katsushika Hokusai,circa 1802,Public domain (Commons extmetadata LicenseShortName),"LACMA, The Joan Elizabeth Tanney Bequest (M.2006.136.153)",https://upload.wikimedia.org/wikipedia/commons/2/2a/Doll_Shop_of_Jikken_LACMA_M.2006.136.153.jpg,"[need k] Commons ObjectName: ""Print Shop / Alternate Title: 絵草紙店 [Ezōshi-Ten]""; ""Color woodblock print, page from an illustrated book"", c.1802; 1584x2100 px original (url). The record does not name the book or Tsutaya; c.1802 + Hokusai + 絵草紙店 matches the Tsutaya Kōshodō shop page of Ehon Azuma asobi (Tokyo Metropolitan Library describes that page as Tsutaya Kōshodō storefront) – verify visually. Met 2013.710a,b (objectID 78631, CC0) is the full 1802 colour edition but its API does not say which page shows the shop."
aic-32192,Art Institute of Chicago,1926.1692,32192,Americans Baking Bread (Amerikajin pan wo yaku zu),Utagawa Yoshikazu,1861,Public domain (AIC is_public_domain=true),Gift of Emily Crane Chadbourne,"https://www.artic.edu/iiif/2/b85758ca-2b3e-3f21-33f2-c03d1c1c1a57/full/843,/0/default.jpg","[need l] Yokohama-e. Alternate: AIC 32423 (1926.1784) Utagawa Sadahide, An American Mercantile Building in Yokohama, 1861, image_id 4305e677-36f3-700f-17c3-615e1d7c87b7."
commons-Le_Japon_artistique_décembre_1889.jpg,Wikimedia Commons,File:Le Japon artistique décembre 1889.jpg,,"Le Japon artistique, publication mensuelle no. 20, décembre 1889 (cover)",Siegfried Bing (ed.),1889-12,Public domain (Commons extmetadata LicenseShortName),University of Wisconsin Digital Collections (DLDecArts) per Commons Credit,https://upload.wikimedia.org/wikipedia/commons/9/94/Le_Japon_artistique_d%C3%A9cembre_1889.jpg,"[need m] 742x1001 px original (url). Alternates: File:Japon Artistique Zs.jpg (journal cover c.1890, 1143x1546, PD); File:Le Japon Artistique S. Bing.jpg (n°3, 1888, from BnF exhibition site, PD). Paris Musées not checked."
cma-102605,Cleveland Museum of Art,1921.1271,102605,Ichikawa Danjuro V as a Traveller Beside a Clump of Iris,Katsukawa Shunshō,c. 1780,CC0,Gift from J. H. Wade,https://openaccess-cdn.clevelandart.org/1921.1271/1921.1271_print.jpg,[need o] color woodblock print
cma-123249,Cleveland Museum of Art,1943.5,123249,Basket of Peonies,Katsushika Hokusai,1810 or 1814,CC0,Gift of Mrs. Ralph King,https://openaccess-cdn.clevelandart.org/1943.5/1943.5_print.jpg,[need p] CMA technique 'color woodblock print; surimono'; description: celebrates an event in the life of actor Ichikawa Danjūrō VII (peony emblem).
