id,holder,accession,title,maker,date,licence,credit,url
wave-met-jp1847,The Metropolitan Museum of Art,JP1847,"Under the Wave off Kanagawa (Kanagawa oki nami ura)",Katsushika Hokusai; publisher Nishimuraya Yohachi (Eijudō),ca. 1830–32,CC0 (isPublicDomain: true),"H. O. Havemeyer Collection, Bequest of Mrs. H. O. Havemeyer, 1929",https://images.metmuseum.org/CRDImages/as/original/DP130155.jpg
wave-met-jp10,The Metropolitan Museum of Art,JP10,"Under the Wave off Kanagawa, second impression",Katsushika Hokusai; publisher Nishimuraya Yohachi (Eijudō),ca. 1830–32,CC0 (isPublicDomain: true),"Rogers Fund, 1914",https://images.metmuseum.org/CRDImages/as/original/DP141063.jpg
wave-aic-1925-3245,The Art Institute of Chicago,1925.3245,"Under the Wave off Kanagawa, later state",Katsushika Hokusai; publisher Nishimuraya Yohachi (Eijudō),1830/33,CC0 (is_public_domain: true),Clarence Buckingham Collection,"https://www.artic.edu/iiif/2/b3974542-b9b4-7568-fc4b-966738f61d78/full/843,/0/default.jpg"
redfuji-met-jp9,The Metropolitan Museum of Art,JP9,"South Wind, Clear Sky (Gaifū kaisei)",Katsushika Hokusai,ca. 1830–32,CC0 (isPublicDomain: true),"Rogers Fund, 1914",https://images.metmuseum.org/CRDImages/as/original/DP141062.jpg
shower-met-jp2522,The Metropolitan Museum of Art,JP2522,"Sudden Shower over Shin-Ōhashi Bridge and Atake",Utagawa Hiroshige; publisher Uoya Eikichi,1857,CC0 (isPublicDomain: true),"Howard Mansfield Collection, Purchase, Rogers Fund, 1936",https://images.metmuseum.org/CRDImages/as/original/DP130156.jpg
nihonbashi-met-jp471,The Metropolitan Museum of Art,JP471,"Station One: Morning View of Nihonbashi",Utagawa Hiroshige; publisher Hōeidō,ca. 1833–34,CC0 (isPublicDomain: true),"Rogers Fund, 1918",https://images.metmuseum.org/CRDImages/as/original/DP122174.jpg
ohisa-aic-1925-3030,The Art Institute of Chicago,1925.3030,"Takashima Ohisa",Kitagawa Utamaro; publisher Matsumura Yahei,c. 1795,CC0 (is_public_domain: true),Clarence Buckingham Collection,"https://www.artic.edu/iiif/2/d3840ed2-3198-84e4-9086-8be16631a452/full/843,/0/default.jpg"
actors-aic-2004-241,The Art Institute of Chicago,2004.241-243,"Bandō Mitsugorō III, Segawa Kikunojō V and Ichikawa Danjūrō VII",Utagawa Kunisada (Toyokuni III),c. 1820,CC0 (is_public_domain: true),Art Institute of Chicago,"https://www.artic.edu/iiif/2/dd73fe42-fa51-eea8-3e50-820f638fe89e/full/843,/0/default.jpg"
taira-met-jp1115,The Metropolitan Museum of Art,JP1115.2a–c,"Ghosts of the Taira at Daimotsu Bay",Utagawa Kuniyoshi,1849–52,CC0 (isPublicDomain: true),The Metropolitan Museum of Art,https://images.metmuseum.org/CRDImages/as/original/DP149159.jpg
cat-met-jp1563,The Metropolitan Museum of Art,JP1563,"Scene from a Ghost Story: The Okazaki Cat Demon",Utagawa Kuniyoshi,ca. 1850,CC0 (isPublicDomain: true),"Fletcher Fund, 1929",https://images.metmuseum.org/CRDImages/as/original/DP146821.jpg
keyblock-met-2007-49-284,The Metropolitan Museum of Art,2007.49.284,"Proof Line-Block Print for Fan",Utagawa (Gountei) Sadahide,19th century,CC0 (isPublicDomain: true),"Bequest of William S. Lieberman, 2005",https://images.metmuseum.org/CRDImages/as/original/DP148137.jpg
dutchship-met-2007-49-236,The Metropolitan Museum of Art,2007.49.236,"Dutch Ship (Orandasen)",Utagawa Yoshitomi,1861,CC0 (isPublicDomain: true),"Bequest of William S. Lieberman, 2005",https://images.metmuseum.org/CRDImages/as/original/DP148089.jpg
surimono-met-jp1252,The Metropolitan Museum of Art,JP1252,"Water Scene (surimono)",Utagawa Kuniyoshi,1840,CC0 (isPublicDomain: true),The Metropolitan Museum of Art,https://images.metmuseum.org/CRDImages/as/original/DP143984.jpg
playbill-met-2013-851,The Metropolitan Museum of Art,2013.851,"Picture Book with Synopses of Plays for the Nakamura Theater",Torii-school artist unidentified,1799,CC0 (isPublicDomain: true),The Metropolitan Museum of Art,https://images.metmuseum.org/CRDImages/as/original/2013_851_03_crd.jpg
komon-met-2001-428-40,The Metropolitan Museum of Art,2001.428.40,"Robe (Kosode) with Cherry Blossoms and Butterflies, Edo komon",dyer unnamed,late 18th–early 19th century,CC0 (isPublicDomain: true),The Metropolitan Museum of Art,https://images.metmuseum.org/CRDImages/as/original/LC-2001_428_40-001.jpg
stencil-met-55-175-16,The Metropolitan Museum of Art,55.175.16,"Stencil with Pattern of Filled Squares (katagami)",stencil cutter unnamed,19th century,CC0 (isPublicDomain: true),The Metropolitan Museum of Art,https://images.metmuseum.org/CRDImages/as/original/DP13752.jpg
arita-cma-1970-46,The Cleveland Museum of Art,1970.46,"Pair of Jugs with Dutch silver mounts, Arita ware",Arita kilns; Dutch silversmith named in the record,c. 1660–80,CC0,The Cleveland Museum of Art,https://openaccess-cdn.clevelandart.org/1970.46/1970.46_web.jpg
inro-cma-1916-848,The Cleveland Museum of Art,1916.848,"Inrō, ojime and netsuke set",Shibata Zeshin,19th century,CC0,The Cleveland Museum of Art,https://openaccess-cdn.clevelandart.org/1916.848/1916.848_web.jpg
kiyonaga-cma-1930-197,The Cleveland Museum of Art,1930.197,"Diptych",Torii Kiyonaga,1783,CC0,The Cleveland Museum of Art,https://openaccess-cdn.clevelandart.org/1930.197/1930.197_web.jpg
nanban-cma-1960-193,The Cleveland Museum of Art,1960.193,"Arrival of the Southern Barbarians (nanban screens)",unnamed,c. 1600,CC0,The Cleveland Museum of Art,https://openaccess-cdn.clevelandart.org/1960.193/1960.193_web.jpg
